============================================================
  AXLoRaTNC WA8DED hostmode sniffer
  TNC serial : /dev/ttyACM0  @ 9600
  PTY        : /dev/pts/9
  Polls      : visible
  Hex dump   : yes
  Log file   : debug.log

  Point LinFBB at: /dev/pts/9
============================================================

[22:25:50.813]  FBB→TNC  ch=-  TERMINAL  "<CAN><ESC>JHOST<CR><ESC>MN<CR>"
[22:25:50.813]  FBB→TNC  ch=0  JHOST  "JHOST1"
[22:25:50.876]  TNC→FBB  ch=42  CODE32  0b
[22:25:50.876]  TNC→FBB  ch=74  CODE72  0b
[22:25:50.876]  TNC→FBB  ch=79  CODE83  0b
[22:25:50.877]  TNC→FBB  ch=84  CODE13  0b
[22:25:50.877]  TNC→FBB  ch=10  CODE74  0b
[22:25:50.877]  TNC→FBB  ch=72  CODE79  0b
[22:25:50.877]  TNC→FBB  ch=83  CODE84  0b
[22:25:50.877]  TNC→FBB  ch=32  CODE48  0b
[22:25:50.877]  TNC→FBB  ch=13  CODE10  0b
[22:25:50.877]  TNC→FBB  ch=42  CODE32  0b
[22:25:50.877]  TNC→FBB  ch=77  CODE78  0b
[22:25:50.878]  TNC→FBB  ch=13  CODE10  0b
[22:25:50.878]  TNC→FBB  ch=42  CODE32  0b
[22:25:50.878]  TNC→FBB  ch=74  CODE72  0b
[22:25:50.878]  TNC→FBB  ch=79  CODE83  0b
[22:25:50.878]  TNC→FBB  ch=84  CODE49  0b
[22:25:50.878]  TNC→FBB  ch=13  CODE10  0b
[22:25:50.878]  TNC→FBB  ch=0  ACK
[22:26:30.495]  FBB→TNC  ch=24  code=27  75b
  0000  48 4F 53 54 0D 1B 4D 4E 0D 1B 4A 48 4F 53 54 31  HOST..MN..JHOST1
  0010  0D 00 01 08 49 20 50 44 34 4D 56 2D 30 01 01 01  ....I PD4MV-0...
  0020  01 01 01 01 01 01 01 01 01 01 01 01 01 01 01 01  ................
  0030  01 01 01 01 01 01 01 01 01 01 01 01 01 01 01 01  ................
  0040  01 01 01 01 01 01 01 01 01 01 01                 ...........
[22:26:30.541]  TNC→FBB  ch=24  ERROR  "INVALID COMMAND"
[22:26:30.542]  FBB→TNC  ch=0  CALLSIGN  "I PD4MV-0"
[22:26:30.562]  TNC→FBB  ch=0  ACK
[22:26:30.562]  FBB→TNC  ch=0  CHANNELS  "Y 4"
[22:26:30.582]  TNC→FBB  ch=0  ACK
[22:26:30.582]  FBB→TNC  ch=0  MAXFRAME  "O 1"
[22:26:30.601]  TNC→FBB  ch=0  ACK
[22:26:30.602]  FBB→TNC  ch=0  CMD  "K 22:26:00"
[22:26:30.628]  TNC→FBB  ch=0  ACK
[22:26:30.629]  FBB→TNC  ch=0  CMD  "K 05/15/26"
[22:26:30.656]  TNC→FBB  ch=0  ACK
[22:26:30.658]  FBB→TNC  ch=0  CMD  "H 18"
[22:26:30.672]  TNC→FBB  ch=0  ACK
[22:26:30.673]  FBB→TNC  ch=0  CMD  "H 1"
[22:26:30.685]  TNC→FBB  ch=0  ACK
[22:26:30.686]  FBB→TNC  ch=0  CMD  "H 2"
[22:26:30.698]  TNC→FBB  ch=0  ACK
[22:26:30.699]  FBB→TNC  ch=0  CMD  "K 22:26:00"
[22:26:30.725]  TNC→FBB  ch=0  ACK
[22:26:30.726]  FBB→TNC  ch=0  CMD  "K 05/15/26"
[22:26:30.752]  TNC→FBB  ch=0  ACK
[22:26:30.754]  FBB→TNC  ch=0  CONNECT  "C MAIL-0"
[22:26:30.779]  TNC→FBB  ch=0  ACK
[22:26:30.780]  FBB→TNC  ch=0  TX-DATA  46b
  0000  31 35 2D 4D 61 79 20 32 32 3A 32 36 7A 20 4D 61  15-May 22:26z Ma
  0010  69 6C 62 6F 78 20 50 44 34 4D 56 2D 30 20 28 4C  ilbox PD4MV-0 (L
  0020  49 4E 55 58 20 76 65 72 73 69 6F 6E 29 0D        INUX version).
[22:26:30.838]  TNC→FBB  ch=0  ACK
[22:26:30.838]  FBB→TNC  ch=0  FREEBUF  "@B"
[22:26:30.852]  TNC→FBB  ch=0  PARAM  "0"
[22:26:30.853]  FBB→TNC  ch=1  STATS  "L"
[22:26:30.879]  TNC→FBB  ch=1  PARAM  "0 0 0 0 0 0 -"
[22:26:30.879]  FBB→TNC  ch=2  STATS  "L"
[22:26:30.904]  TNC→FBB  ch=2  PARAM  "0 0 0 0 0 0 -"
[22:26:30.907]  FBB→TNC  ch=3  STATS  "L"
[22:26:30.933]  TNC→FBB  ch=3  PARAM  "0 0 0 0 0 0 -"
[22:26:30.933]  FBB→TNC  ch=4  STATS  "L"
[22:26:30.958]  TNC→FBB  ch=4  PARAM  "0 0 0 0 0 0 -"
[22:26:30.959]  FBB→TNC  ch=0  STATS  "L"
[22:26:30.984]  TNC→FBB  ch=0  PARAM  "0 0 0 0 0 0 -"
[22:26:30.984]  FBB→TNC  ch=1  STATS  "L"
[22:26:31.009]  TNC→FBB  ch=1  PARAM  "0 0 0 0 0 0 -"
[22:26:31.010]  FBB→TNC  ch=2  STATS  "L"
[22:26:31.035]  TNC→FBB  ch=2  PARAM  "0 0 0 0 0 0 -"
[22:26:31.036]  FBB→TNC  ch=3  STATS  "L"
[22:26:31.061]  TNC→FBB  ch=3  PARAM  "0 0 0 0 0 0 -"
[22:26:31.062]  FBB→TNC  ch=4  STATS  "L"
[22:26:31.088]  TNC→FBB  ch=4  PARAM  "0 0 0 0 0 0 -"
[22:26:31.090]  FBB→TNC  ch=0  STATS  "L"
[22:26:31.117]  TNC→FBB  ch=0  PARAM  "0 0 0 0 0 0 -"
[22:26:31.119]  FBB→TNC  ch=1  STATS  "L"
[22:26:31.145]  TNC→FBB  ch=1  PARAM  "0 0 0 0 0 0 -"
[22:26:31.146]  FBB→TNC  ch=2  STATS  "L"
[22:26:31.172]  TNC→FBB  ch=2  PARAM  "0 0 0 0 0 0 -"
[22:26:31.173]  FBB→TNC  ch=3  STATS  "L"
[22:26:31.198]  TNC→FBB  ch=3  PARAM  "0 0 0 0 0 0 -"
[22:26:31.198]  FBB→TNC  ch=4  STATS  "L"
[22:26:31.223]  TNC→FBB  ch=4  PARAM  "0 0 0 0 0 0 -"
[22:26:31.228]  FBB→TNC  ch=0  STATS  "L"
[22:26:31.253]  TNC→FBB  ch=0  PARAM  "0 0 0 0 0 0 -"
[22:26:31.258]  FBB→TNC  ch=1  STATS  "L"
[22:26:31.283]  TNC→FBB  ch=1  PARAM  "0 0 0 0 0 0 -"
[22:26:31.284]  FBB→TNC  ch=2  STATS  "L"
[22:26:31.309]  TNC→FBB  ch=2  PARAM  "0 0 0 0 0 0 -"
[22:26:31.310]  FBB→TNC  ch=3  STATS  "L"
[22:26:31.335]  TNC→FBB  ch=3  PARAM  "0 0 0 0 0 0 -"
[22:26:31.335]  FBB→TNC  ch=4  STATS  "L"
[22:26:31.360]  TNC→FBB  ch=4  PARAM  "0 0 0 0 0 0 -"
[22:26:31.361]  FBB→TNC  ch=0  STATS  "L"
[22:26:31.386]  TNC→FBB  ch=0  PARAM  "0 0 0 0 0 0 -"
[22:26:31.386]  FBB→TNC  ch=1  STATS  "L"
[22:26:31.412]  TNC→FBB  ch=1  PARAM  "0 0 0 0 0 0 -"
[22:26:31.412]  FBB→TNC  ch=2  STATS  "L"
[22:26:31.438]  TNC→FBB  ch=2  PARAM  "0 0 0 0 0 0 -"
[22:26:31.443]  FBB→TNC  ch=3  STATS  "L"
[22:26:31.466]  TNC→FBB  ch=3  PARAM  "0 0 0 0 0 0 -"
[22:26:31.466]  FBB→TNC  ch=4  STATS  "L"
[22:26:31.492]  TNC→FBB  ch=4  PARAM  "0 0 0 0 0 0 -"
[22:26:31.492]  FBB→TNC  ch=0  STATS  "L"
[22:26:31.540]  TNC→FBB  ch=0  PARAM  "0 0 0 0 0 0 -"
[22:26:31.541]  FBB→TNC  ch=1  STATS  "L"
[22:26:31.567]  TNC→FBB  ch=1  PARAM  "0 0 0 0 0 0 -"
[22:26:31.567]  FBB→TNC  ch=2  STATS  "L"
[22:26:31.593]  TNC→FBB  ch=2  PARAM  "0 0 0 0 0 0 -"
[22:26:31.594]  FBB→TNC  ch=3  STATS  "L"
[22:26:31.618]  TNC→FBB  ch=3  PARAM  "0 0 0 0 0 0 -"
[22:26:31.619]  FBB→TNC  ch=4  STATS  "L"
[22:26:31.644]  TNC→FBB  ch=4  PARAM  "0 0 0 0 0 0 -"
[22:26:31.645]  FBB→TNC  ch=0  STATS  "L"
[22:26:31.672]  TNC→FBB  ch=0  PARAM  "0 0 0 0 0 0 -"
[22:26:31.672]  FBB→TNC  ch=1  STATS  "L"
[22:26:31.697]  TNC→FBB  ch=1  PARAM  "0 0 0 0 0 0 -"
[22:26:31.700]  FBB→TNC  ch=2  STATS  "L"
[22:26:31.724]  TNC→FBB  ch=2  PARAM  "0 0 0 0 0 0 -"
[22:26:31.724]  FBB→TNC  ch=3  STATS  "L"
[22:26:31.750]  TNC→FBB  ch=3  PARAM  "0 0 0 0 0 0 -"
[22:26:31.750]  FBB→TNC  ch=4  STATS  "L"
[22:26:31.775]  TNC→FBB  ch=4  PARAM  "0 0 0 0 0 0 -"
[22:26:31.777]  FBB→TNC  ch=0  STATS  "L"
[22:26:31.803]  TNC→FBB  ch=0  PARAM  "0 0 0 0 0 0 -"
[22:26:31.804]  FBB→TNC  ch=1  STATS  "L"
[22:26:31.829]  TNC→FBB  ch=1  PARAM  "0 0 0 0 0 0 -"
[22:26:31.830]  FBB→TNC  ch=2  STATS  "L"
[22:26:31.855]  TNC→FBB  ch=2  PARAM  "0 0 0 0 0 0 -"
[22:26:31.855]  FBB→TNC  ch=3  STATS  "L"
[22:26:31.881]  TNC→FBB  ch=3  PARAM  "0 0 0 0 0 0 -"
[22:26:31.882]  FBB→TNC  ch=4  STATS  "L"
[22:26:31.907]  TNC→FBB  ch=4  PARAM  "0 0 0 0 0 0 -"
[22:26:31.912]  FBB→TNC  ch=0  STATS  "L"
[22:26:31.940]  TNC→FBB  ch=0  PARAM  "0 0 0 0 0 0 -"
[22:26:31.940]  FBB→TNC  ch=1  STATS  "L"
[22:26:31.965]  TNC→FBB  ch=1  PARAM  "0 0 0 0 0 0 -"
[22:26:31.967]  FBB→TNC  ch=2  STATS  "L"
[22:26:31.993]  TNC→FBB  ch=2  PARAM  "0 0 0 0 0 0 -"
[22:26:31.994]  FBB→TNC  ch=3  STATS  "L"
[22:26:32.134]  TNC→FBB  ch=3  PARAM  "0 0 0 0 0 0 -"
[22:26:32.135]  FBB→TNC  ch=4  STATS  "L"
[22:26:32.160]  TNC→FBB  ch=4  PARAM  "0 0 0 0 0 0 -"
[22:26:32.162]  FBB→TNC  ch=0  STATS  "L"
[22:26:32.187]  TNC→FBB  ch=0  PARAM  "0 0 0 0 0 0 -"
[22:26:32.189]  FBB→TNC  ch=1  STATS  "L"
[22:26:32.215]  TNC→FBB  ch=1  PARAM  "0 0 0 0 0 0 -"
[22:26:32.220]  FBB→TNC  ch=2  STATS  "L"
[22:26:32.245]  TNC→FBB  ch=2  PARAM  "0 0 0 0 0 0 -"
[22:26:32.246]  FBB→TNC  ch=3  STATS  "L"
[22:26:32.271]  TNC→FBB  ch=3  PARAM  "0 0 0 0 0 0 -"
[22:26:32.271]  FBB→TNC  ch=4  STATS  "L"
[22:26:32.297]  TNC→FBB  ch=4  PARAM  "0 0 0 0 0 0 -"
[22:26:32.298]  FBB→TNC  ch=0  STATS  "L"
[22:26:32.324]  TNC→FBB  ch=0  PARAM  "0 0 0 0 0 0 -"
[22:26:32.325]  FBB→TNC  ch=0  FREEBUF  "@B"
[22:26:32.338]  TNC→FBB  ch=0  PARAM  "0"
[22:26:32.339]  FBB→TNC  ch=1  STATS  "L"
[22:26:32.365]  TNC→FBB  ch=1  PARAM  "0 0 0 0 0 0 -"
[22:26:32.366]  FBB→TNC  ch=2  STATS  "L"
[22:26:32.392]  TNC→FBB  ch=2  PARAM  "0 0 0 0 0 0 -"
[22:26:32.392]  FBB→TNC  ch=3  STATS  "L"
[22:26:32.417]  TNC→FBB  ch=3  PARAM  "0 0 0 0 0 0 -"
[22:26:32.417]  FBB→TNC  ch=4  STATS  "L"
[22:26:32.443]  TNC→FBB  ch=4  PARAM  "0 0 0 0 0 0 -"
[22:26:32.445]  FBB→TNC  ch=0  STATS  "L"
[22:26:32.472]  TNC→FBB  ch=0  PARAM  "0 0 0 0 0 0 -"
[22:26:32.473]  FBB→TNC  ch=1  STATS  "L"
[22:26:32.500]  TNC→FBB  ch=1  PARAM  "0 0 0 0 0 0 -"
[22:26:32.500]  FBB→TNC  ch=2  STATS  "L"
[22:26:32.540]  TNC→FBB  ch=2  PARAM  "0 0 0 0 0 0 -"
[22:26:32.540]  FBB→TNC  ch=3  STATS  "L"
[22:26:32.565]  TNC→FBB  ch=3  PARAM  "0 0 0 0 0 0 -"
[22:26:32.565]  FBB→TNC  ch=4  STATS  "L"
[22:26:32.591]  TNC→FBB  ch=4  PARAM  "0 0 0 0 0 0 -"
[22:26:32.591]  FBB→TNC  ch=0  STATS  "L"
[22:26:32.617]  TNC→FBB  ch=0  PARAM  "0 0 0 0 0 0 -"
[22:26:32.617]  FBB→TNC  ch=1  STATS  "L"
[22:26:32.642]  TNC→FBB  ch=1  PARAM  "0 0 0 0 0 0 -"
[22:26:32.647]  FBB→TNC  ch=2  STATS  "L"
[22:26:32.673]  TNC→FBB  ch=2  PARAM  "0 0 0 0 0 0 -"
[22:26:32.677]  FBB→TNC  ch=3  STATS  "L"
[22:26:32.702]  TNC→FBB  ch=3  PARAM  "0 0 0 0 0 0 -"
[22:26:32.702]  FBB→TNC  ch=4  STATS  "L"
[22:26:32.728]  TNC→FBB  ch=4  PARAM  "0 0 0 0 0 0 -"
[22:26:32.729]  FBB→TNC  ch=0  STATS  "L"
[22:26:32.756]  TNC→FBB  ch=0  PARAM  "0 0 0 0 0 0 -"
[22:26:32.756]  FBB→TNC  ch=1  STATS  "L"
[22:26:32.782]  TNC→FBB  ch=1  PARAM  "0 0 0 0 0 0 -"
[22:26:32.782]  FBB→TNC  ch=2  STATS  "L"
[22:26:32.808]  TNC→FBB  ch=2  PARAM  "0 0 0 0 0 0 -"
[22:26:32.808]  FBB→TNC  ch=3  STATS  "L"
[22:26:32.833]  TNC→FBB  ch=3  PARAM  "0 0 0 0 0 0 -"
[22:26:32.834]  FBB→TNC  ch=4  STATS  "L"
[22:26:32.859]  TNC→FBB  ch=4  PARAM  "0 0 0 0 0 0 -"
[22:26:32.860]  FBB→TNC  ch=0  STATS  "L"
[22:26:32.885]  TNC→FBB  ch=0  PARAM  "0 0 0 0 0 0 -"
[22:26:32.885]  FBB→TNC  ch=1  STATS  "L"
[22:26:32.910]  TNC→FBB  ch=1  PARAM  "0 0 0 0 0 0 -"
[22:26:32.911]  FBB→TNC  ch=2  STATS  "L"
[22:26:32.936]  TNC→FBB  ch=2  PARAM  "0 0 0 0 0 0 -"
[22:26:32.937]  FBB→TNC  ch=3  STATS  "L"
[22:26:32.962]  TNC→FBB  ch=3  PARAM  "0 0 0 0 0 0 -"
[22:26:32.963]  FBB→TNC  ch=4  STATS  "L"
[22:26:32.989]  TNC→FBB  ch=4  PARAM  "0 0 0 0 0 0 -"
[22:26:32.989]  FBB→TNC  ch=0  STATS  "L"
[22:26:33.014]  TNC→FBB  ch=0  PARAM  "0 0 0 0 0 0 -"
[22:26:33.014]  FBB→TNC  ch=1  STATS  "L"
[22:26:33.040]  TNC→FBB  ch=1  PARAM  "0 0 0 0 0 0 -"
[22:26:33.044]  FBB→TNC  ch=2  STATS  "L"
[22:26:33.069]  TNC→FBB  ch=2  PARAM  "0 0 0 0 0 0 -"
[22:26:33.072]  FBB→TNC  ch=3  STATS  "L"
[22:26:33.097]  TNC→FBB  ch=3  PARAM  "0 0 0 0 0 0 -"
[22:26:33.098]  FBB→TNC  ch=4  STATS  "L"
[22:26:33.123]  TNC→FBB  ch=4  PARAM  "0 0 0 0 0 0 -"
[22:26:33.124]  FBB→TNC  ch=0  STATS  "L"
[22:26:33.149]  TNC→FBB  ch=0  PARAM  "0 0 0 0 0 0 -"
[22:26:33.149]  FBB→TNC  ch=1  STATS  "L"
[22:26:33.174]  TNC→FBB  ch=1  PARAM  "0 0 0 0 0 0 -"
[22:26:33.174]  FBB→TNC  ch=2  STATS  "L"
[22:26:33.199]  TNC→FBB  ch=2  PARAM  "0 0 0 0 0 0 -"
[22:26:33.200]  FBB→TNC  ch=3  STATS  "L"
[22:26:33.225]  TNC→FBB  ch=3  PARAM  "0 0 0 0 0 0 -"
[22:26:33.227]  FBB→TNC  ch=4  STATS  "L"
[22:26:33.252]  TNC→FBB  ch=4  PARAM  "0 0 0 0 0 0 -"
[22:26:33.253]  FBB→TNC  ch=0  STATS  "L"
[22:26:33.278]  TNC→FBB  ch=0  PARAM  "0 0 0 0 0 0 -"
[22:26:33.281]  FBB→TNC  ch=1  STATS  "L"
[22:26:33.307]  TNC→FBB  ch=1  PARAM  "0 0 0 0 0 0 -"
[22:26:33.307]  FBB→TNC  ch=2  STATS  "L"
[22:26:33.333]  TNC→FBB  ch=2  PARAM  "0 0 0 0 0 0 -"
[22:26:33.334]  FBB→TNC  ch=3  STATS  "L"
[22:26:33.359]  TNC→FBB  ch=3  PARAM  "0 0 0 0 0 0 -"
[22:26:33.359]  FBB→TNC  ch=4  STATS  "L"
[22:26:33.384]  TNC→FBB  ch=4  PARAM  "0 0 0 0 0 0 -"
[22:26:33.385]  FBB→TNC  ch=0  STATS  "L"
[22:26:33.410]  TNC→FBB  ch=0  PARAM  "0 0 0 0 0 0 -"
[22:26:33.410]  FBB→TNC  ch=1  STATS  "L"
[22:26:33.437]  TNC→FBB  ch=1  PARAM  "0 0 0 0 0 0 -"
[22:26:33.441]  FBB→TNC  ch=2  STATS  "L"
[22:26:33.465]  TNC→FBB  ch=2  PARAM  "0 0 0 0 0 0 -"
[22:26:33.466]  FBB→TNC  ch=3  STATS  "L"
[22:26:33.491]  TNC→FBB  ch=3  PARAM  "0 0 0 0 0 0 -"
[22:26:33.491]  FBB→TNC  ch=4  STATS  "L"
[22:26:33.539]  TNC→FBB  ch=4  PARAM  "0 0 0 0 0 0 -"
[22:26:33.540]  FBB→TNC  ch=0  STATS  "L"
[22:26:33.565]  TNC→FBB  ch=0  PARAM  "0 0 0 0 0 0 -"
[22:26:33.565]  FBB→TNC  ch=1  STATS  "L"
[22:26:33.590]  TNC→FBB  ch=1  PARAM  "0 0 0 0 0 0 -"
[22:26:33.592]  FBB→TNC  ch=2  STATS  "L"
[22:26:33.618]  TNC→FBB  ch=2  PARAM  "0 0 0 0 0 0 -"
[22:26:33.618]  FBB→TNC  ch=3  STATS  "L"
[22:26:33.645]  TNC→FBB  ch=3  PARAM  "0 0 0 0 0 0 -"
[22:26:33.646]  FBB→TNC  ch=4  STATS  "L"
[22:26:33.670]  TNC→FBB  ch=4  PARAM  "0 0 0 0 0 0 -"
[22:26:33.673]  FBB→TNC  ch=0  STATS  "L"
[22:26:33.698]  TNC→FBB  ch=0  PARAM  "0 0 0 0 0 0 -"
[22:26:33.700]  FBB→TNC  ch=0  FREEBUF  "@B"
[22:26:33.713]  TNC→FBB  ch=0  PARAM  "0"
[22:26:33.714]  FBB→TNC  ch=1  STATS  "L"
[22:26:33.740]  TNC→FBB  ch=1  PARAM  "0 0 0 0 0 0 -"
[22:26:33.741]  FBB→TNC  ch=2  STATS  "L"
[22:26:33.766]  TNC→FBB  ch=2  PARAM  "0 0 0 0 0 0 -"
[22:26:33.767]  FBB→TNC  ch=3  STATS  "L"
[22:26:33.792]  TNC→FBB  ch=3  PARAM  "0 0 0 0 0 0 -"
[22:26:33.794]  FBB→TNC  ch=4  STATS  "L"
[22:26:33.819]  TNC→FBB  ch=4  PARAM  "0 0 0 0 0 0 -"
[22:26:33.820]  FBB→TNC  ch=0  STATS  "L"
[22:26:33.845]  TNC→FBB  ch=0  PARAM  "0 0 0 0 0 0 -"
[22:26:33.846]  FBB→TNC  ch=1  STATS  "L"
[22:26:33.872]  TNC→FBB  ch=1  PARAM  "0 0 0 0 0 0 -"
[22:26:33.873]  FBB→TNC  ch=2  STATS  "L"
[22:26:33.898]  TNC→FBB  ch=2  PARAM  "0 0 0 0 0 0 -"
[22:26:33.899]  FBB→TNC  ch=3  STATS  "L"
[22:26:33.924]  TNC→FBB  ch=3  PARAM  "0 0 0 0 0 0 -"
[22:26:33.927]  FBB→TNC  ch=4  STATS  "L"
[22:26:33.952]  TNC→FBB  ch=4  PARAM  "0 0 0 0 0 0 -"
[22:26:33.957]  FBB→TNC  ch=0  STATS  "L"
[22:26:33.982]  TNC→FBB  ch=0  PARAM  "0 0 0 0 0 0 -"
[22:26:33.983]  FBB→TNC  ch=1  STATS  "L"
[22:26:34.008]  TNC→FBB  ch=1  PARAM  "0 0 0 0 0 0 -"
[22:26:34.010]  FBB→TNC  ch=2  STATS  "L"
[22:26:34.037]  TNC→FBB  ch=2  PARAM  "0 0 0 0 0 0 -"
[22:26:34.038]  FBB→TNC  ch=3  STATS  "L"
[22:26:34.064]  TNC→FBB  ch=3  PARAM  "0 0 0 0 0 0 -"
[22:26:34.065]  FBB→TNC  ch=4  STATS  "L"
[22:26:34.090]  TNC→FBB  ch=4  PARAM  "0 0 0 0 0 0 -"
[22:26:34.091]  FBB→TNC  ch=0  STATS  "L"
[22:26:34.117]  TNC→FBB  ch=0  PARAM  "0 0 0 0 0 0 -"
[22:26:34.117]  FBB→TNC  ch=1  STATS  "L"
[22:26:34.143]  TNC→FBB  ch=1  PARAM  "0 0 0 0 0 0 -"
[22:26:34.144]  FBB→TNC  ch=2  STATS  "L"
[22:26:34.169]  TNC→FBB  ch=2  PARAM  "0 0 0 0 0 0 -"
[22:26:34.173]  FBB→TNC  ch=3  STATS  "L"
[22:26:34.199]  TNC→FBB  ch=3  PARAM  "0 0 0 0 0 0 -"
[22:26:34.201]  FBB→TNC  ch=4  STATS  "L"
[22:26:34.227]  TNC→FBB  ch=4  PARAM  "0 0 0 0 0 0 -"
[22:26:34.227]  FBB→TNC  ch=0  STATS  "L"
[22:26:34.252]  TNC→FBB  ch=0  PARAM  "0 0 0 0 0 0 -"
[22:26:34.253]  FBB→TNC  ch=1  STATS  "L"
[22:26:34.278]  TNC→FBB  ch=1  PARAM  "0 0 0 0 0 0 -"
[22:26:34.280]  FBB→TNC  ch=2  STATS  "L"
[22:26:34.305]  TNC→FBB  ch=2  PARAM  "0 0 0 0 0 0 -"
[22:26:34.306]  FBB→TNC  ch=3  STATS  "L"
[22:26:34.332]  TNC→FBB  ch=3  PARAM  "0 0 0 0 0 0 -"
[22:26:34.333]  FBB→TNC  ch=4  STATS  "L"
[22:26:34.358]  TNC→FBB  ch=4  PARAM  "0 0 0 0 0 0 -"
[22:26:34.358]  FBB→TNC  ch=0  STATS  "L"
[22:26:34.383]  TNC→FBB  ch=0  PARAM  "0 0 0 0 0 0 -"
[22:26:34.383]  FBB→TNC  ch=1  STATS  "L"
[22:26:34.408]  TNC→FBB  ch=1  PARAM  "0 0 0 0 0 0 -"
[22:26:34.409]  FBB→TNC  ch=2  STATS  "L"
[22:26:34.437]  TNC→FBB  ch=2  PARAM  "0 0 0 0 0 0 -"
[22:26:34.437]  FBB→TNC  ch=3  STATS  "L"
[22:26:34.462]  TNC→FBB  ch=3  PARAM  "0 0 0 0 0 0 -"
[22:26:34.463]  FBB→TNC  ch=4  STATS  "L"
[22:26:34.488]  TNC→FBB  ch=4  PARAM  "0 0 0 0 0 0 -"
[22:26:34.493]  FBB→TNC  ch=0  STATS  "L"
[22:26:34.540]  TNC→FBB  ch=0  PARAM  "0 0 0 0 0 0 -"
[22:26:34.540]  FBB→TNC  ch=1  STATS  "L"
[22:26:34.566]  TNC→FBB  ch=1  PARAM  "0 0 0 0 0 0 -"
[22:26:34.567]  FBB→TNC  ch=2  STATS  "L"
[22:26:34.592]  TNC→FBB  ch=2  PARAM  "0 0 0 0 0 0 -"
[22:26:34.592]  FBB→TNC  ch=3  STATS  "L"
[22:26:34.617]  TNC→FBB  ch=3  PARAM  "0 0 0 0 0 0 -"
[22:26:34.619]  FBB→TNC  ch=4  STATS  "L"
[22:26:34.644]  TNC→FBB  ch=4  PARAM  "0 0 0 0 0 0 -"
[22:26:34.644]  FBB→TNC  ch=0  STATS  "L"
[22:26:34.670]  TNC→FBB  ch=0  PARAM  "0 0 0 0 0 0 -"
[22:26:34.671]  FBB→TNC  ch=1  STATS  "L"
[22:26:34.696]  TNC→FBB  ch=1  PARAM  "0 0 0 0 0 0 -"
[22:26:34.698]  FBB→TNC  ch=2  STATS  "L"
[22:26:34.723]  TNC→FBB  ch=2  PARAM  "0 0 0 0 0 0 -"
[22:26:34.724]  FBB→TNC  ch=3  STATS  "L"
[22:26:34.750]  TNC→FBB  ch=3  PARAM  "0 0 0 0 0 0 -"
[22:26:34.751]  FBB→TNC  ch=4  STATS  "L"
[22:26:34.777]  TNC→FBB  ch=4  PARAM  "0 0 0 0 0 0 -"
[22:26:34.777]  FBB→TNC  ch=0  STATS  "L"
[22:26:34.802]  TNC→FBB  ch=0  PARAM  "0 0 0 0 0 0 -"
[22:26:34.803]  FBB→TNC  ch=1  STATS  "L"
[22:26:34.827]  TNC→FBB  ch=1  PARAM  "0 0 0 0 0 0 -"
[22:26:34.828]  FBB→TNC  ch=2  STATS  "L"
[22:26:34.853]  TNC→FBB  ch=2  PARAM  "0 0 0 0 0 0 -"
[22:26:34.855]  FBB→TNC  ch=3  STATS  "L"
[22:26:34.880]  TNC→FBB  ch=3  PARAM  "0 0 0 0 0 0 -"
[22:26:34.880]  FBB→TNC  ch=4  STATS  "L"
[22:26:34.905]  TNC→FBB  ch=4  PARAM  "0 0 0 0 0 0 -"
[22:26:34.906]  FBB→TNC  ch=0  STATS  "L"
[22:26:34.930]  TNC→FBB  ch=0  PARAM  "0 0 0 0 0 0 -"
[22:26:34.931]  FBB→TNC  ch=1  STATS  "L"
[22:26:34.957]  TNC→FBB  ch=1  PARAM  "0 0 0 0 0 0 -"
[22:26:34.957]  FBB→TNC  ch=2  STATS  "L"
[22:26:34.983]  TNC→FBB  ch=2  PARAM  "0 0 0 0 0 0 -"
[22:26:34.983]  FBB→TNC  ch=3  STATS  "L"
[22:26:35.008]  TNC→FBB  ch=3  PARAM  "0 0 0 0 0 0 -"
[22:26:35.010]  FBB→TNC  ch=4  STATS  "L"
[22:26:35.035]  TNC→FBB  ch=4  PARAM  "0 0 0 0 0 0 -"
[22:26:35.036]  FBB→TNC  ch=0  STATS  "L"
[22:26:35.061]  TNC→FBB  ch=0  PARAM  "0 0 0 0 0 0 -"
[22:26:35.062]  FBB→TNC  ch=0  FREEBUF  "@B"
[22:26:35.090]  TNC→FBB  ch=0  PARAM  "0"
[22:26:35.090]  FBB→TNC  ch=1  STATS  "L"
[22:26:35.115]  TNC→FBB  ch=1  PARAM  "0 0 0 0 0 0 -"
[22:26:35.115]  FBB→TNC  ch=2  STATS  "L"
[22:26:35.140]  TNC→FBB  ch=2  PARAM  "0 0 0 0 0 0 -"
[22:26:35.141]  FBB→TNC  ch=3  STATS  "L"
[22:26:35.166]  TNC→FBB  ch=3  PARAM  "0 0 0 0 0 0 -"
[22:26:35.169]  FBB→TNC  ch=4  STATS  "L"
[22:26:35.193]  TNC→FBB  ch=4  PARAM  "0 0 0 0 0 0 -"
[22:26:35.195]  FBB→TNC  ch=0  STATS  "L"
[22:26:35.221]  TNC→FBB  ch=0  PARAM  "0 0 0 0 0 0 -"
[22:26:35.221]  FBB→TNC  ch=1  STATS  "L"
[22:26:35.246]  TNC→FBB  ch=1  PARAM  "0 0 0 0 0 0 -"
[22:26:35.259]  FBB→TNC  ch=2  STATS  "L"
[22:26:35.284]  TNC→FBB  ch=2  PARAM  "0 0 0 0 0 0 -"
[22:26:35.288]  FBB→TNC  ch=3  STATS  "L"
[22:26:35.314]  TNC→FBB  ch=3  PARAM  "0 0 0 0 0 0 -"
[22:26:35.318]  FBB→TNC  ch=4  STATS  "L"
[22:26:35.343]  TNC→FBB  ch=4  PARAM  "0 0 0 0 0 0 -"
[22:26:35.344]  FBB→TNC  ch=0  STATS  "L"
[22:26:35.369]  TNC→FBB  ch=0  PARAM  "0 0 0 0 0 0 -"
[22:26:35.371]  FBB→TNC  ch=1  STATS  "L"
[22:26:35.396]  TNC→FBB  ch=1  PARAM  "0 0 0 0 0 0 -"
[22:26:35.398]  FBB→TNC  ch=2  STATS  "L"
[22:26:35.423]  TNC→FBB  ch=2  PARAM  "0 0 0 0 0 0 -"
[22:26:35.424]  FBB→TNC  ch=3  STATS  "L"
[22:26:35.455]  TNC→FBB  ch=3  PARAM  "0 0 0 0 0 0 -"
[22:26:35.456]  FBB→TNC  ch=4  STATS  "L"
[22:26:35.481]  TNC→FBB  ch=4  PARAM  "0 0 0 0 0 0 -"
[22:26:35.485]  FBB→TNC  ch=0  STATS  "L"
[22:26:35.539]  TNC→FBB  ch=0  PARAM  "0 0 0 0 0 0 -"
[22:26:35.540]  FBB→TNC  ch=1  STATS  "L"
[22:26:35.566]  TNC→FBB  ch=1  PARAM  "0 0 0 0 0 0 -"
[22:26:35.567]  FBB→TNC  ch=2  STATS  "L"
[22:26:35.592]  TNC→FBB  ch=2  PARAM  "0 0 0 0 0 0 -"
[22:26:35.592]  FBB→TNC  ch=3  STATS  "L"
[22:26:35.618]  TNC→FBB  ch=3  PARAM  "0 0 0 0 0 0 -"
[22:26:35.620]  FBB→TNC  ch=4  STATS  "L"
[22:26:35.647]  TNC→FBB  ch=4  PARAM  "0 0 0 0 0 0 -"
[22:26:35.648]  FBB→TNC  ch=0  STATS  "L"
[22:26:35.672]  TNC→FBB  ch=0  PARAM  "0 0 0 0 0 0 -"
[22:26:35.673]  FBB→TNC  ch=1  STATS  "L"
[22:26:35.698]  TNC→FBB  ch=1  PARAM  "0 0 0 0 0 0 -"
[22:26:35.699]  FBB→TNC  ch=2  STATS  "L"
[22:26:35.724]  TNC→FBB  ch=2  PARAM  "0 0 0 0 0 0 -"
[22:26:35.725]  FBB→TNC  ch=3  STATS  "L"
[22:26:35.750]  TNC→FBB  ch=3  PARAM  "0 0 0 0 0 0 -"
[22:26:35.751]  FBB→TNC  ch=4  STATS  "L"
[22:26:35.776]  TNC→FBB  ch=4  PARAM  "0 0 0 0 0 0 -"
[22:26:35.776]  FBB→TNC  ch=0  STATS  "L"
[22:26:35.802]  TNC→FBB  ch=0  PARAM  "0 0 0 0 0 0 -"
[22:26:35.803]  FBB→TNC  ch=1  STATS  "L"
[22:26:35.828]  TNC→FBB  ch=1  PARAM  "0 0 0 0 0 0 -"
[22:26:35.828]  FBB→TNC  ch=2  STATS  "L"
[22:26:35.853]  TNC→FBB  ch=2  PARAM  "0 0 0 0 0 0 -"
[22:26:35.854]  FBB→TNC  ch=3  STATS  "L"
[22:26:35.880]  TNC→FBB  ch=3  PARAM  "0 0 0 0 0 0 -"
[22:26:35.883]  FBB→TNC  ch=4  STATS  "L"
[22:26:35.911]  TNC→FBB  ch=4  PARAM  "0 0 0 0 0 0 -"
[22:26:35.914]  FBB→TNC  ch=0  STATS  "L"
[22:26:35.939]  TNC→FBB  ch=0  PARAM  "0 0 0 0 0 0 -"
[22:26:35.940]  FBB→TNC  ch=1  STATS  "L"
[22:26:35.966]  TNC→FBB  ch=1  PARAM  "0 0 0 0 0 0 -"
[22:26:35.967]  FBB→TNC  ch=2  STATS  "L"
[22:26:35.992]  TNC→FBB  ch=2  PARAM  "0 0 0 0 0 0 -"
[22:26:35.992]  FBB→TNC  ch=3  STATS  "L"
[22:26:36.019]  TNC→FBB  ch=3  PARAM  "0 0 0 0 0 0 -"
[22:26:36.021]  FBB→TNC  ch=4  STATS  "L"
[22:26:36.047]  TNC→FBB  ch=4  PARAM  "0 0 0 0 0 0 -"
[22:26:36.047]  FBB→TNC  ch=0  STATS  "L"
[22:26:36.072]  TNC→FBB  ch=0  PARAM  "0 0 0 0 0 0 -"
[22:26:36.075]  FBB→TNC  ch=1  STATS  "L"
[22:26:36.100]  TNC→FBB  ch=1  PARAM  "0 0 0 0 0 0 -"
[22:26:36.100]  FBB→TNC  ch=2  STATS  "L"
[22:26:36.126]  TNC→FBB  ch=2  PARAM  "0 0 0 0 0 0 -"
[22:26:36.126]  FBB→TNC  ch=3  STATS  "L"
[22:26:36.152]  TNC→FBB  ch=3  PARAM  "0 0 0 0 0 0 -"
[22:26:36.154]  FBB→TNC  ch=4  STATS  "L"
[22:26:36.179]  TNC→FBB  ch=4  PARAM  "0 0 0 0 0 0 -"
[22:26:36.179]  FBB→TNC  ch=0  STATS  "L"
[22:26:36.204]  TNC→FBB  ch=0  PARAM  "0 0 0 0 0 0 -"
[22:26:36.205]  FBB→TNC  ch=1  STATS  "L"
[22:26:36.230]  TNC→FBB  ch=1  PARAM  "0 0 0 0 0 0 -"
[22:26:36.235]  FBB→TNC  ch=2  STATS  "L"
[22:26:36.262]  TNC→FBB  ch=2  PARAM  "0 0 0 0 0 0 -"
[22:26:36.265]  FBB→TNC  ch=3  STATS  "L"
[22:26:36.291]  TNC→FBB  ch=3  PARAM  "0 0 0 0 0 0 -"
[22:26:36.291]  FBB→TNC  ch=4  STATS  "L"
[22:26:36.317]  TNC→FBB  ch=4  PARAM  "0 0 0 0 0 0 -"
[22:26:36.320]  FBB→TNC  ch=0  STATS  "L"
[22:26:36.345]  TNC→FBB  ch=0  PARAM  "0 0 0 0 0 0 -"
[22:26:36.345]  FBB→TNC  ch=1  STATS  "L"
[22:26:36.370]  TNC→FBB  ch=1  PARAM  "0 0 0 0 0 0 -"
[22:26:36.372]  FBB→TNC  ch=2  STATS  "L"
[22:26:36.398]  TNC→FBB  ch=2  PARAM  "0 0 0 0 0 0 -"
[22:26:36.399]  FBB→TNC  ch=3  STATS  "L"
[22:26:36.424]  TNC→FBB  ch=3  PARAM  "0 0 0 0 0 0 -"
[22:26:36.426]  FBB→TNC  ch=4  STATS  "L"
[22:26:36.452]  TNC→FBB  ch=4  PARAM  "0 0 0 0 0 0 -"
[22:26:36.452]  FBB→TNC  ch=0  STATS  "L"
[22:26:36.477]  TNC→FBB  ch=0  PARAM  "0 0 0 0 0 0 -"
[22:26:36.479]  FBB→TNC  ch=0  FREEBUF  "@B"
[22:26:36.528]  TNC→FBB  ch=0  PARAM  "0"
[22:26:36.530]  FBB→TNC  ch=1  STATS  "L"
[22:26:36.555]  TNC→FBB  ch=1  PARAM  "0 0 0 0 0 0 -"
[22:26:36.556]  FBB→TNC  ch=2  STATS  "L"
[22:26:36.582]  TNC→FBB  ch=2  PARAM  "0 0 0 0 0 0 -"
[22:26:36.584]  FBB→TNC  ch=3  STATS  "L"
[22:26:36.608]  TNC→FBB  ch=3  PARAM  "0 0 0 0 0 0 -"
[22:26:36.609]  FBB→TNC  ch=4  STATS  "L"
[22:26:36.634]  TNC→FBB  ch=4  PARAM  "0 0 0 0 0 0 -"
[22:26:36.635]  FBB→TNC  ch=0  STATS  "L"
[22:26:36.660]  TNC→FBB  ch=0  PARAM  "0 0 0 0 0 0 -"
[22:26:36.663]  FBB→TNC  ch=1  STATS  "L"
[22:26:36.690]  TNC→FBB  ch=1  PARAM  "0 0 0 0 0 0 -"
[22:26:36.692]  FBB→TNC  ch=2  STATS  "L"
[22:26:36.716]  TNC→FBB  ch=2  PARAM  "0 0 0 0 0 0 -"
[22:26:36.717]  FBB→TNC  ch=3  STATS  "L"
[22:26:36.743]  TNC→FBB  ch=3  PARAM  "0 0 0 0 0 0 -"
[22:26:36.745]  FBB→TNC  ch=4  STATS  "L"
[22:26:36.769]  TNC→FBB  ch=4  PARAM  "0 0 0 0 0 0 -"
[22:26:36.770]  FBB→TNC  ch=0  STATS  "L"
[22:26:36.795]  TNC→FBB  ch=0  PARAM  "0 0 0 0 0 0 -"
[22:26:36.800]  FBB→TNC  ch=1  STATS  "L"
[22:26:36.827]  TNC→FBB  ch=1  PARAM  "0 0 0 0 0 0 -"
[22:26:36.830]  FBB→TNC  ch=2  STATS  "L"
[22:26:36.855]  TNC→FBB  ch=2  PARAM  "0 0 0 0 0 0 -"
[22:26:36.855]  FBB→TNC  ch=3  STATS  "L"
[22:26:36.880]  TNC→FBB  ch=3  PARAM  "0 0 0 0 0 0 -"
[22:26:36.881]  FBB→TNC  ch=4  STATS  "L"
[22:26:36.906]  TNC→FBB  ch=4  PARAM  "0 0 0 0 0 0 -"
[22:26:36.907]  FBB→TNC  ch=0  STATS  "L"
[22:26:36.932]  TNC→FBB  ch=0  PARAM  "0 0 0 0 0 0 -"
[22:26:36.933]  FBB→TNC  ch=1  STATS  "L"
[22:26:36.958]  TNC→FBB  ch=1  PARAM  "0 0 0 0 0 0 -"
[22:26:36.959]  FBB→TNC  ch=2  STATS  "L"
[22:26:36.984]  TNC→FBB  ch=2  PARAM  "0 0 0 0 0 0 -"
[22:26:36.985]  FBB→TNC  ch=3  STATS  "L"
[22:26:37.010]  TNC→FBB  ch=3  PARAM  "0 0 0 0 0 0 -"
[22:26:37.015]  FBB→TNC  ch=4  STATS  "L"
[22:26:37.041]  TNC→FBB  ch=4  PARAM  "0 0 0 0 0 0 -"
[22:26:37.045]  FBB→TNC  ch=0  STATS  "L"
[22:26:37.070]  TNC→FBB  ch=0  PARAM  "0 0 0 0 0 0 -"
[22:26:37.071]  FBB→TNC  ch=1  STATS  "L"
[22:26:37.097]  TNC→FBB  ch=1  PARAM  "0 0 0 0 0 0 -"
[22:26:37.097]  FBB→TNC  ch=2  STATS  "L"
[22:26:37.137]  TNC→FBB  ch=2  PARAM  "0 0 0 0 0 0 -"
[22:26:37.137]  FBB→TNC  ch=3  STATS  "L"
[22:26:37.165]  TNC→FBB  ch=3  PARAM  "0 0 0 0 0 0 -"
[22:26:37.167]  FBB→TNC  ch=4  STATS  "L"
[22:26:37.193]  TNC→FBB  ch=4  PARAM  "0 0 0 0 0 0 -"
[22:26:37.193]  FBB→TNC  ch=0  STATS  "L"
[22:26:37.218]  TNC→FBB  ch=0  PARAM  "0 0 0 0 0 0 -"
[22:26:37.219]  FBB→TNC  ch=1  STATS  "L"
[22:26:37.245]  TNC→FBB  ch=1  PARAM  "0 0 0 0 0 0 -"
[22:26:37.247]  FBB→TNC  ch=2  STATS  "L"
[22:26:37.272]  TNC→FBB  ch=2  PARAM  "0 0 0 0 0 0 -"
[22:26:37.275]  FBB→TNC  ch=3  STATS  "L"
[22:26:37.300]  TNC→FBB  ch=3  PARAM  "0 0 0 0 0 0 -"
[22:26:37.300]  FBB→TNC  ch=4  STATS  "L"
[22:26:37.326]  TNC→FBB  ch=4  PARAM  "0 0 0 0 0 0 -"
[22:26:37.327]  FBB→TNC  ch=0  STATS  "L"
[22:26:37.352]  TNC→FBB  ch=0  PARAM  "0 0 0 0 0 0 -"
[22:26:37.353]  FBB→TNC  ch=1  STATS  "L"
[22:26:37.377]  TNC→FBB  ch=1  PARAM  "0 0 0 0 0 0 -"
[22:26:37.378]  FBB→TNC  ch=2  STATS  "L"
[22:26:37.403]  TNC→FBB  ch=2  PARAM  "0 0 0 0 0 0 -"
[22:26:37.404]  FBB→TNC  ch=3  STATS  "L"
[22:26:37.429]  TNC→FBB  ch=3  PARAM  "0 0 0 0 0 0 -"
[22:26:37.431]  FBB→TNC  ch=4  STATS  "L"
[22:26:37.456]  TNC→FBB  ch=4  PARAM  "0 0 0 0 0 0 -"
[22:26:37.458]  FBB→TNC  ch=0  STATS  "L"
[22:26:37.483]  TNC→FBB  ch=0  PARAM  "0 0 0 0 0 0 -"
[22:26:37.483]  FBB→TNC  ch=1  STATS  "L"
[22:26:37.541]  TNC→FBB  ch=1  PARAM  "0 0 0 0 0 0 -"
[22:26:37.541]  FBB→TNC  ch=2  STATS  "L"
[22:26:37.567]  TNC→FBB  ch=2  PARAM  "0 0 0 0 0 0 -"
[22:26:37.567]  FBB→TNC  ch=3  STATS  "L"
[22:26:37.592]  TNC→FBB  ch=3  PARAM  "0 0 0 0 0 0 -"
[22:26:37.593]  FBB→TNC  ch=4  STATS  "L"
[22:26:37.618]  TNC→FBB  ch=4  PARAM  "0 0 0 0 0 0 -"
[22:26:37.618]  FBB→TNC  ch=0  STATS  "L"
[22:26:37.644]  TNC→FBB  ch=0  PARAM  "0 0 0 0 0 0 -"
[22:26:37.644]  FBB→TNC  ch=1  STATS  "L"
[22:26:37.669]  TNC→FBB  ch=1  PARAM  "0 0 0 0 0 0 -"
[22:26:37.670]  FBB→TNC  ch=2  STATS  "L"
[22:26:37.695]  TNC→FBB  ch=2  PARAM  "0 0 0 0 0 0 -"
[22:26:37.696]  FBB→TNC  ch=3  STATS  "L"
[22:26:37.721]  TNC→FBB  ch=3  PARAM  "0 0 0 0 0 0 -"
[22:26:37.721]  FBB→TNC  ch=4  STATS  "L"
[22:26:37.746]  TNC→FBB  ch=4  PARAM  "0 0 0 0 0 0 -"
[22:26:37.750]  FBB→TNC  ch=0  STATS  "L"
[22:26:37.775]  TNC→FBB  ch=0  PARAM  "0 0 0 0 0 0 -"
[22:26:37.776]  FBB→TNC  ch=1  STATS  "L"
[22:26:37.801]  TNC→FBB  ch=1  PARAM  "0 0 0 0 0 0 -"
[22:26:37.801]  FBB→TNC  ch=2  STATS  "L"
[22:26:37.827]  TNC→FBB  ch=2  PARAM  "0 0 0 0 0 0 -"
[22:26:37.827]  FBB→TNC  ch=3  STATS  "L"
[22:26:37.852]  TNC→FBB  ch=3  PARAM  "0 0 0 0 0 0 -"
[22:26:37.857]  FBB→TNC  ch=4  STATS  "L"
[22:26:37.885]  TNC→FBB  ch=4  PARAM  "0 0 0 0 0 0 -"
[22:26:37.887]  FBB→TNC  ch=0  STATS  "L"
[22:26:37.911]  TNC→FBB  ch=0  PARAM  "0 0 0 0 0 0 -"
[22:26:37.912]  FBB→TNC  ch=0  FREEBUF  "@B"
[22:26:37.926]  TNC→FBB  ch=0  PARAM  "0"
[22:26:37.927]  FBB→TNC  ch=1  STATS  "L"
[22:26:37.952]  TNC→FBB  ch=1  PARAM  "0 0 0 0 0 0 -"
[22:26:37.953]  FBB→TNC  ch=2  STATS  "L"
[22:26:37.978]  TNC→FBB  ch=2  PARAM  "0 0 0 0 0 0 -"
[22:26:37.979]  FBB→TNC  ch=3  STATS  "L"
[22:26:38.007]  TNC→FBB  ch=3  PARAM  "0 0 0 0 0 0 -"
[22:26:38.009]  FBB→TNC  ch=4  STATS  "L"
[22:26:38.034]  TNC→FBB  ch=4  PARAM  "0 0 0 0 0 0 -"
[22:26:38.034]  FBB→TNC  ch=0  STATS  "L"
[22:26:38.060]  TNC→FBB  ch=0  PARAM  "0 0 0 0 0 0 -"
[22:26:38.060]  FBB→TNC  ch=1  STATS  "L"
[22:26:38.085]  TNC→FBB  ch=1  PARAM  "0 0 0 0 0 0 -"
[22:26:38.085]  FBB→TNC  ch=2  STATS  "L"
[22:26:38.111]  TNC→FBB  ch=2  PARAM  "0 0 0 0 0 0 -"
[22:26:38.111]  FBB→TNC  ch=3  STATS  "L"
[22:26:38.137]  TNC→FBB  ch=3  PARAM  "0 0 0 0 0 0 -"
[22:26:38.137]  FBB→TNC  ch=4  STATS  "L"
[22:26:38.163]  TNC→FBB  ch=4  PARAM  "0 0 0 0 0 0 -"
[22:26:38.163]  FBB→TNC  ch=0  STATS  "L"
[22:26:38.189]  TNC→FBB  ch=0  PARAM  "0 0 0 0 0 0 -"
[22:26:38.189]  FBB→TNC  ch=1  STATS  "L"
[22:26:38.215]  TNC→FBB  ch=1  PARAM  "0 0 0 0 0 0 -"
[22:26:38.216]  FBB→TNC  ch=2  STATS  "L"
[22:26:38.242]  TNC→FBB  ch=2  PARAM  "0 0 0 0 0 0 -"
[22:26:38.242]  FBB→TNC  ch=3  STATS  "L"
[22:26:38.268]  TNC→FBB  ch=3  PARAM  "0 0 0 0 0 0 -"
[22:26:38.268]  FBB→TNC  ch=4  STATS  "L"
[22:26:38.293]  TNC→FBB  ch=4  PARAM  "0 0 0 0 0 0 -"
[22:26:38.294]  FBB→TNC  ch=0  STATS  "L"
[22:26:38.320]  TNC→FBB  ch=0  PARAM  "0 0 0 0 0 0 -"
[22:26:38.320]  FBB→TNC  ch=1  STATS  "L"
[22:26:38.345]  TNC→FBB  ch=1  PARAM  "0 0 0 0 0 0 -"
[22:26:38.346]  FBB→TNC  ch=2  STATS  "L"
[22:26:38.372]  TNC→FBB  ch=2  PARAM  "0 0 0 0 0 0 -"
[22:26:38.372]  FBB→TNC  ch=3  STATS  "L"
[22:26:38.398]  TNC→FBB  ch=3  PARAM  "0 0 0 0 0 0 -"
[22:26:38.402]  FBB→TNC  ch=4  STATS  "L"
[22:26:38.427]  TNC→FBB  ch=4  PARAM  "0 0 0 0 0 0 -"
[22:26:38.428]  FBB→TNC  ch=0  STATS  "L"
[22:26:38.456]  TNC→FBB  ch=0  PARAM  "0 0 0 0 0 0 -"
[22:26:38.458]  FBB→TNC  ch=1  STATS  "L"
[22:26:38.484]  TNC→FBB  ch=1  PARAM  "0 0 0 0 0 0 -"
[22:26:38.484]  FBB→TNC  ch=2  STATS  "L"
[22:26:38.540]  TNC→FBB  ch=2  PARAM  "0 0 0 0 0 0 -"
[22:26:38.543]  FBB→TNC  ch=3  STATS  "L"
[22:26:38.571]  TNC→FBB  ch=3  PARAM  "0 0 0 0 0 0 -"
[22:26:38.573]  FBB→TNC  ch=4  STATS  "L"
[22:26:38.598]  TNC→FBB  ch=4  PARAM  "0 0 0 0 0 0 -"
[22:26:38.600]  FBB→TNC  ch=0  STATS  "L"
[22:26:38.625]  TNC→FBB  ch=0  PARAM  "0 0 0 0 0 0 -"
[22:26:38.626]  FBB→TNC  ch=1  STATS  "L"
[22:26:38.651]  TNC→FBB  ch=1  PARAM  "0 0 0 0 0 0 -"
[22:26:38.651]  FBB→TNC  ch=2  STATS  "L"
[22:26:38.677]  TNC→FBB  ch=2  PARAM  "0 0 0 0 0 0 -"
[22:26:38.677]  FBB→TNC  ch=3  STATS  "L"
[22:26:38.702]  TNC→FBB  ch=3  PARAM  "0 0 0 0 0 0 -"
[22:26:38.702]  FBB→TNC  ch=4  STATS  "L"
[22:26:38.727]  TNC→FBB  ch=4  PARAM  "0 0 0 0 0 0 -"
[22:26:38.729]  FBB→TNC  ch=0  STATS  "L"
[22:26:38.754]  TNC→FBB  ch=0  PARAM  "0 0 0 0 0 0 -"
[22:26:38.754]  FBB→TNC  ch=1  STATS  "L"
[22:26:38.780]  TNC→FBB  ch=1  PARAM  "0 0 0 0 0 0 -"
[22:26:38.780]  FBB→TNC  ch=2  STATS  "L"
[22:26:38.805]  TNC→FBB  ch=2  PARAM  "0 0 0 0 0 0 -"
[22:26:38.806]  FBB→TNC  ch=3  STATS  "L"
[22:26:38.831]  TNC→FBB  ch=3  PARAM  "0 0 0 0 0 0 -"
[22:26:38.831]  FBB→TNC  ch=4  STATS  "L"
[22:26:38.856]  TNC→FBB  ch=4  PARAM  "0 0 0 0 0 0 -"
[22:26:38.857]  FBB→TNC  ch=0  STATS  "L"
[22:26:38.882]  TNC→FBB  ch=0  PARAM  "0 0 0 0 0 0 -"
[22:26:38.883]  FBB→TNC  ch=1  STATS  "L"
[22:26:38.908]  TNC→FBB  ch=1  PARAM  "0 0 0 0 0 0 -"
[22:26:38.909]  FBB→TNC  ch=2  STATS  "L"
[22:26:38.934]  TNC→FBB  ch=2  PARAM  "0 0 0 0 0 0 -"
[22:26:38.935]  FBB→TNC  ch=3  STATS  "L"
[22:26:38.960]  TNC→FBB  ch=3  PARAM  "0 0 0 0 0 0 -"
[22:26:38.961]  FBB→TNC  ch=4  STATS  "L"
[22:26:38.987]  TNC→FBB  ch=4  PARAM  "0 0 0 0 0 0 -"
[22:26:38.987]  FBB→TNC  ch=0  STATS  "L"
[22:26:39.012]  TNC→FBB  ch=0  PARAM  "0 0 0 0 0 0 -"
[22:26:39.012]  FBB→TNC  ch=1  STATS  "L"
[22:26:39.037]  TNC→FBB  ch=1  PARAM  "0 0 0 0 0 0 -"
[22:26:39.037]  FBB→TNC  ch=2  STATS  "L"
[22:26:39.063]  TNC→FBB  ch=2  PARAM  "0 0 0 0 0 0 -"
[22:26:39.066]  FBB→TNC  ch=3  STATS  "L"
[22:26:39.091]  TNC→FBB  ch=3  PARAM  "0 0 0 0 0 0 -"
[22:26:39.092]  FBB→TNC  ch=4  STATS  "L"
[22:26:39.117]  TNC→FBB  ch=4  PARAM  "0 0 0 0 0 0 -"
[22:26:39.117]  FBB→TNC  ch=0  STATS  "L"
[22:26:39.143]  TNC→FBB  ch=0  PARAM  "0 0 0 0 0 0 -"
[22:26:39.143]  FBB→TNC  ch=1  STATS  "L"
[22:26:39.168]  TNC→FBB  ch=1  PARAM  "0 0 0 0 0 0 -"
[22:26:39.168]  FBB→TNC  ch=2  STATS  "L"
[22:26:39.194]  TNC→FBB  ch=2  PARAM  "0 0 0 0 0 0 -"
[22:26:39.195]  FBB→TNC  ch=3  STATS  "L"
[22:26:39.219]  TNC→FBB  ch=3  PARAM  "0 0 0 0 0 0 -"
[22:26:39.220]  FBB→TNC  ch=4  STATS  "L"
[22:26:39.245]  TNC→FBB  ch=4  PARAM  "0 0 0 0 0 0 -"
[22:26:39.245]  FBB→TNC  ch=0  STATS  "L"
[22:26:39.271]  TNC→FBB  ch=0  PARAM  "0 0 0 0 0 0 -"
[22:26:39.271]  FBB→TNC  ch=0  FREEBUF  "@B"
[22:26:39.284]  TNC→FBB  ch=0  PARAM  "0"
[22:26:39.284]  FBB→TNC  ch=1  STATS  "L"
[22:26:39.310]  TNC→FBB  ch=1  PARAM  "0 0 0 0 0 0 -"
[22:26:39.310]  FBB→TNC  ch=2  STATS  "L"
[22:26:39.336]  TNC→FBB  ch=2  PARAM  "0 0 0 0 0 0 -"
[22:26:39.338]  FBB→TNC  ch=3  STATS  "L"
[22:26:39.363]  TNC→FBB  ch=3  PARAM  "0 0 0 0 0 0 -"
[22:26:39.368]  FBB→TNC  ch=4  STATS  "L"
[22:26:39.394]  TNC→FBB  ch=4  PARAM  "0 0 0 0 0 0 -"
[22:26:39.398]  FBB→TNC  ch=0  STATS  "L"
[22:26:39.426]  TNC→FBB  ch=0  PARAM  "0 0 0 0 0 0 -"
[22:26:39.426]  FBB→TNC  ch=1  STATS  "L"
[22:26:39.451]  TNC→FBB  ch=1  PARAM  "0 0 0 0 0 0 -"
[22:26:39.451]  FBB→TNC  ch=2  STATS  "L"
[22:26:39.477]  TNC→FBB  ch=2  PARAM  "0 0 0 0 0 0 -"
[22:26:39.477]  FBB→TNC  ch=3  STATS  "L"
[22:26:39.502]  TNC→FBB  ch=3  PARAM  "0 0 0 0 0 0 -"
[22:26:39.505]  FBB→TNC  ch=4  STATS  "L"
[22:26:39.540]  TNC→FBB  ch=4  PARAM  "0 0 0 0 0 0 -"
[22:26:39.544]  FBB→TNC  ch=0  STATS  "L"
[22:26:39.566]  TNC→FBB  ch=0  PARAM  "0 0 0 0 0 0 -"
[22:26:39.568]  FBB→TNC  ch=1  STATS  "L"
[22:26:39.592]  TNC→FBB  ch=1  PARAM  "0 0 0 0 0 0 -"
[22:26:39.593]  FBB→TNC  ch=2  STATS  "L"
[22:26:39.617]  TNC→FBB  ch=2  PARAM  "0 0 0 0 0 0 -"
[22:26:39.618]  FBB→TNC  ch=3  STATS  "L"
[22:26:39.643]  TNC→FBB  ch=3  PARAM  "0 0 0 0 0 0 -"
[22:26:39.644]  FBB→TNC  ch=4  STATS  "L"
[22:26:39.669]  TNC→FBB  ch=4  PARAM  "0 0 0 0 0 0 -"
[22:26:39.670]  FBB→TNC  ch=0  STATS  "L"
[22:26:39.696]  TNC→FBB  ch=0  PARAM  "0 0 0 0 0 0 -"
[22:26:39.696]  FBB→TNC  ch=1  STATS  "L"
[22:26:39.721]  TNC→FBB  ch=1  PARAM  "0 0 0 0 0 0 -"
[22:26:39.723]  FBB→TNC  ch=2  STATS  "L"
[22:26:39.748]  TNC→FBB  ch=2  PARAM  "0 0 0 0 0 0 -"
[22:26:39.748]  FBB→TNC  ch=3  STATS  "L"
[22:26:39.773]  TNC→FBB  ch=3  PARAM  "0 0 0 0 0 0 -"
[22:26:39.774]  FBB→TNC  ch=4  STATS  "L"
[22:26:39.800]  TNC→FBB  ch=4  PARAM  "0 0 0 0 0 0 -"
[22:26:39.803]  FBB→TNC  ch=0  STATS  "L"
[22:26:39.827]  TNC→FBB  ch=0  PARAM  "0 0 0 0 0 0 -"
[22:26:39.828]  FBB→TNC  ch=1  STATS  "L"
[22:26:39.853]  TNC→FBB  ch=1  PARAM  "0 0 0 0 0 0 -"
[22:26:39.853]  FBB→TNC  ch=2  STATS  "L"
[22:26:39.880]  TNC→FBB  ch=2  PARAM  "0 0 0 0 0 0 -"
[22:26:39.880]  FBB→TNC  ch=3  STATS  "L"
[22:26:39.906]  TNC→FBB  ch=3  PARAM  "0 0 0 0 0 0 -"
[22:26:39.906]  FBB→TNC  ch=4  STATS  "L"
[22:26:39.934]  TNC→FBB  ch=4  PARAM  "0 0 0 0 0 0 -"
[22:26:39.935]  FBB→TNC  ch=0  STATS  "L"
[22:26:39.960]  TNC→FBB  ch=0  PARAM  "0 0 0 0 0 0 -"
[22:26:39.963]  FBB→TNC  ch=1  STATS  "L"
[22:26:39.987]  TNC→FBB  ch=1  PARAM  "0 0 0 0 0 0 -"
[22:26:39.988]  FBB→TNC  ch=2  STATS  "L"
[22:26:40.014]  TNC→FBB  ch=2  PARAM  "0 0 0 0 0 0 -"
[22:26:40.015]  FBB→TNC  ch=3  STATS  "L"
[22:26:40.040]  TNC→FBB  ch=3  PARAM  "0 0 0 0 0 0 -"
[22:26:40.041]  FBB→TNC  ch=4  STATS  "L"
[22:26:40.066]  TNC→FBB  ch=4  PARAM  "0 0 0 0 0 0 -"
[22:26:40.067]  FBB→TNC  ch=0  STATS  "L"
[22:26:40.092]  TNC→FBB  ch=0  PARAM  "0 0 0 0 0 0 -"
[22:26:40.095]  FBB→TNC  ch=1  STATS  "L"
[22:26:40.121]  TNC→FBB  ch=1  PARAM  "0 0 0 0 0 0 -"
[22:26:40.122]  FBB→TNC  ch=2  STATS  "L"
[22:26:40.147]  TNC→FBB  ch=2  PARAM  "0 0 0 0 0 0 -"
[22:26:40.147]  FBB→TNC  ch=3  STATS  "L"
[22:26:40.173]  TNC→FBB  ch=3  PARAM  "0 0 0 0 0 0 -"
[22:26:40.173]  FBB→TNC  ch=4  STATS  "L"
[22:26:40.198]  TNC→FBB  ch=4  PARAM  "0 0 0 0 0 0 -"
[22:26:40.199]  FBB→TNC  ch=0  STATS  "L"
[22:26:40.224]  TNC→FBB  ch=0  PARAM  "0 0 0 0 0 0 -"
[22:26:40.224]  FBB→TNC  ch=1  STATS  "L"
[22:26:40.249]  TNC→FBB  ch=1  PARAM  "0 0 0 0 0 0 -"
[22:26:40.250]  FBB→TNC  ch=2  STATS  "L"
[22:26:40.275]  TNC→FBB  ch=2  PARAM  "0 0 0 0 0 0 -"
[22:26:40.275]  FBB→TNC  ch=3  STATS  "L"
[22:26:40.300]  TNC→FBB  ch=3  PARAM  "0 0 0 0 0 0 -"
[22:26:40.300]  FBB→TNC  ch=4  STATS  "L"
[22:26:40.326]  TNC→FBB  ch=4  PARAM  "0 0 0 0 0 0 -"
[22:26:40.326]  FBB→TNC  ch=0  STATS  "L"
[22:26:40.352]  TNC→FBB  ch=0  PARAM  "0 0 0 0 0 0 -"
[22:26:40.354]  FBB→TNC  ch=1  STATS  "L"
[22:26:40.381]  TNC→FBB  ch=1  PARAM  "0 0 0 0 0 0 -"
[22:26:40.381]  FBB→TNC  ch=2  STATS  "L"
[22:26:40.406]  TNC→FBB  ch=2  PARAM  "0 0 0 0 0 0 -"
[22:26:40.407]  FBB→TNC  ch=3  STATS  "L"
[22:26:40.432]  TNC→FBB  ch=3  PARAM  "0 0 0 0 0 0 -"
[22:26:40.432]  FBB→TNC  ch=4  STATS  "L"
[22:26:40.458]  TNC→FBB  ch=4  PARAM  "0 0 0 0 0 0 -"
[22:26:40.459]  FBB→TNC  ch=0  STATS  "L"
[22:26:40.483]  TNC→FBB  ch=0  PARAM  "0 0 0 0 0 0 -"
[22:26:40.484]  FBB→TNC  ch=1  STATS  "L"
[22:26:40.540]  TNC→FBB  ch=1  PARAM  "0 0 0 0 0 0 -"
[22:26:40.542]  FBB→TNC  ch=2  STATS  "L"
[22:26:40.567]  TNC→FBB  ch=2  PARAM  "0 0 0 0 0 0 -"
[22:26:40.569]  FBB→TNC  ch=3  STATS  "L"
[22:26:40.595]  TNC→FBB  ch=3  PARAM  "0 0 0 0 0 0 -"
[22:26:40.596]  FBB→TNC  ch=4  STATS  "L"
[22:26:40.621]  TNC→FBB  ch=4  PARAM  "0 0 0 0 0 0 -"
[22:26:40.621]  FBB→TNC  ch=0  STATS  "L"
[22:26:40.647]  TNC→FBB  ch=0  PARAM  "0 0 0 0 0 0 -"
[22:26:40.648]  FBB→TNC  ch=0  FREEBUF  "@B"
[22:26:40.662]  TNC→FBB  ch=0  PARAM  "0"
[22:26:40.663]  FBB→TNC  ch=1  STATS  "L"
[22:26:40.688]  TNC→FBB  ch=1  PARAM  "0 0 0 0 0 0 -"
[22:26:40.691]  FBB→TNC  ch=2  STATS  "L"
[22:26:40.718]  TNC→FBB  ch=2  PARAM  "0 0 0 0 0 0 -"
[22:26:40.719]  FBB→TNC  ch=3  STATS  "L"
[22:26:40.744]  TNC→FBB  ch=3  PARAM  "0 0 0 0 0 0 -"
[22:26:40.744]  FBB→TNC  ch=4  STATS  "L"
[22:26:40.770]  TNC→FBB  ch=4  PARAM  "0 0 0 0 0 0 -"
[22:26:40.771]  FBB→TNC  ch=0  STATS  "L"
[22:26:40.796]  TNC→FBB  ch=0  PARAM  "0 0 0 0 0 0 -"
[22:26:40.801]  FBB→TNC  ch=1  STATS  "L"
[22:26:40.826]  TNC→FBB  ch=1  PARAM  "0 0 0 0 0 0 -"
[22:26:40.826]  FBB→TNC  ch=2  STATS  "L"
[22:26:40.851]  TNC→FBB  ch=2  PARAM  "0 0 0 0 0 0 -"
[22:26:40.851]  FBB→TNC  ch=3  STATS  "L"
[22:26:40.876]  TNC→FBB  ch=3  PARAM  "0 0 0 0 0 0 -"
[22:26:40.877]  FBB→TNC  ch=4  STATS  "L"
[22:26:40.902]  TNC→FBB  ch=4  PARAM  "0 0 0 0 0 0 -"
[22:26:40.903]  FBB→TNC  ch=0  STATS  "L"
[22:26:40.928]  TNC→FBB  ch=0  PARAM  "0 0 0 0 0 0 -"
[22:26:40.929]  FBB→TNC  ch=1  STATS  "L"
[22:26:40.956]  TNC→FBB  ch=1  PARAM  "0 0 0 0 0 0 -"
[22:26:40.957]  FBB→TNC  ch=2  STATS  "L"
[22:26:40.982]  TNC→FBB  ch=2  PARAM  "0 0 0 0 0 0 -"
[22:26:40.983]  FBB→TNC  ch=3  STATS  "L"
[22:26:41.008]  TNC→FBB  ch=3  PARAM  "0 0 0 0 0 0 -"
[22:26:41.009]  FBB→TNC  ch=4  STATS  "L"
[22:26:41.035]  TNC→FBB  ch=4  PARAM  "0 0 0 0 0 0 -"
[22:26:41.035]  FBB→TNC  ch=0  STATS  "L"
[22:26:41.061]  TNC→FBB  ch=0  PARAM  "0 0 0 0 0 0 -"
[22:26:41.061]  FBB→TNC  ch=1  STATS  "L"
[22:26:41.087]  TNC→FBB  ch=1  PARAM  "0 0 0 0 0 0 -"
[22:26:41.088]  FBB→TNC  ch=2  STATS  "L"
[22:26:41.113]  TNC→FBB  ch=2  PARAM  "0 0 0 0 0 0 -"
[22:26:41.114]  FBB→TNC  ch=3  STATS  "L"
[22:26:41.139]  TNC→FBB  ch=3  PARAM  "0 0 0 0 0 0 -"
[22:26:41.140]  FBB→TNC  ch=4  STATS  "L"
[22:26:41.165]  TNC→FBB  ch=4  PARAM  "0 0 0 0 0 0 -"
[22:26:41.165]  FBB→TNC  ch=0  STATS  "L"
[22:26:41.191]  TNC→FBB  ch=0  PARAM  "0 0 0 0 0 0 -"
[22:26:41.191]  FBB→TNC  ch=1  STATS  "L"
[22:26:41.216]  TNC→FBB  ch=1  PARAM  "0 0 0 0 0 0 -"
[22:26:41.216]  FBB→TNC  ch=2  STATS  "L"
[22:26:41.242]  TNC→FBB  ch=2  PARAM  "0 0 0 0 0 0 -"
[22:26:41.243]  FBB→TNC  ch=3  STATS  "L"
[22:26:41.268]  TNC→FBB  ch=3  PARAM  "0 0 0 0 0 0 -"
[22:26:41.269]  FBB→TNC  ch=4  STATS  "L"
[22:26:41.294]  TNC→FBB  ch=4  PARAM  "0 0 0 0 0 0 -"
[22:26:41.299]  FBB→TNC  ch=0  STATS  "L"
[22:26:41.325]  TNC→FBB  ch=0  PARAM  "0 0 0 0 0 0 -"
[22:26:41.332]  FBB→TNC  ch=1  STATS  "L"
[22:26:41.357]  TNC→FBB  ch=1  PARAM  "0 0 0 0 0 0 -"
[22:26:41.359]  FBB→TNC  ch=2  STATS  "L"
[22:26:41.384]  TNC→FBB  ch=2  PARAM  "0 0 0 0 0 0 -"
[22:26:41.384]  FBB→TNC  ch=3  STATS  "L"
[22:26:41.410]  TNC→FBB  ch=3  PARAM  "0 0 0 0 0 0 -"
[22:26:41.410]  FBB→TNC  ch=4  STATS  "L"
[22:26:41.437]  TNC→FBB  ch=4  PARAM  "0 0 0 0 0 0 -"
[22:26:41.437]  FBB→TNC  ch=0  STATS  "L"
[22:26:41.462]  TNC→FBB  ch=0  PARAM  "0 0 0 0 0 0 -"
[22:26:41.463]  FBB→TNC  ch=1  STATS  "L"
[22:26:41.489]  TNC→FBB  ch=1  PARAM  "0 0 0 0 0 0 -"
[22:26:41.489]  FBB→TNC  ch=2  STATS  "L"
[22:26:41.541]  TNC→FBB  ch=2  PARAM  "0 0 0 0 0 0 -"
[22:26:41.542]  FBB→TNC  ch=3  STATS  "L"
[22:26:41.568]  TNC→FBB  ch=3  PARAM  "0 0 0 0 0 0 -"
[22:26:41.572]  FBB→TNC  ch=4  STATS  "L"
[22:26:41.597]  TNC→FBB  ch=4  PARAM  "0 0 0 0 0 0 -"
[22:26:41.598]  FBB→TNC  ch=0  STATS  "L"
[22:26:41.627]  TNC→FBB  ch=0  PARAM  "0 0 0 0 0 0 -"
[22:26:41.629]  FBB→TNC  ch=1  STATS  "L"
[22:26:41.654]  TNC→FBB  ch=1  PARAM  "0 0 0 0 0 0 -"
[22:26:41.654]  FBB→TNC  ch=2  STATS  "L"
[22:26:41.679]  TNC→FBB  ch=2  PARAM  "0 0 0 0 0 0 -"
[22:26:41.679]  FBB→TNC  ch=3  STATS  "L"
[22:26:41.705]  TNC→FBB  ch=3  PARAM  "0 0 0 0 0 0 -"
[22:26:41.707]  FBB→TNC  ch=4  STATS  "L"
[22:26:41.733]  TNC→FBB  ch=4  PARAM  "0 0 0 0 0 0 -"
[22:26:41.733]  FBB→TNC  ch=0  STATS  "L"
[22:26:41.758]  TNC→FBB  ch=0  PARAM  "0 0 0 0 0 0 -"
[22:26:41.761]  FBB→TNC  ch=1  STATS  "L"
[22:26:41.786]  TNC→FBB  ch=1  PARAM  "0 0 0 0 0 0 -"
[22:26:41.786]  FBB→TNC  ch=2  STATS  "L"
[22:26:41.812]  TNC→FBB  ch=2  PARAM  "0 0 0 0 0 0 -"
[22:26:41.816]  FBB→TNC  ch=3  STATS  "L"
[22:26:41.841]  TNC→FBB  ch=3  PARAM  "0 0 0 0 0 0 -"
[22:26:41.846]  FBB→TNC  ch=4  STATS  "L"
[22:26:41.872]  TNC→FBB  ch=4  PARAM  "0 0 0 0 0 0 -"
[22:26:41.874]  FBB→TNC  ch=0  STATS  "L"
[22:26:41.900]  TNC→FBB  ch=0  PARAM  "0 0 0 0 0 0 -"
[22:26:41.900]  FBB→TNC  ch=1  STATS  "L"
[22:26:41.925]  TNC→FBB  ch=1  PARAM  "0 0 0 0 0 0 -"
[22:26:41.925]  FBB→TNC  ch=2  STATS  "L"
[22:26:41.950]  TNC→FBB  ch=2  PARAM  "0 0 0 0 0 0 -"
[22:26:41.952]  FBB→TNC  ch=3  STATS  "L"
[22:26:41.978]  TNC→FBB  ch=3  PARAM  "0 0 0 0 0 0 -"
[22:26:41.979]  FBB→TNC  ch=4  STATS  "L"
[22:26:42.004]  TNC→FBB  ch=4  PARAM  "0 0 0 0 0 0 -"
[22:26:42.004]  FBB→TNC  ch=0  STATS  "L"
[22:26:42.029]  TNC→FBB  ch=0  PARAM  "0 0 0 0 0 0 -"
[22:26:42.030]  FBB→TNC  ch=0  FREEBUF  "@B"
[22:26:42.045]  TNC→FBB  ch=0  PARAM  "0"
[22:26:42.045]  FBB→TNC  ch=1  STATS  "L"
[22:26:42.071]  TNC→FBB  ch=1  PARAM  "0 0 0 0 0 0 -"
[22:26:42.074]  FBB→TNC  ch=2  STATS  "L"
[22:26:42.099]  TNC→FBB  ch=2  PARAM  "0 0 0 0 0 0 -"
[22:26:42.099]  FBB→TNC  ch=3  STATS  "L"
[22:26:42.124]  TNC→FBB  ch=3  PARAM  "0 0 0 0 0 0 -"
[22:26:42.124]  FBB→TNC  ch=4  STATS  "L"
[22:26:42.149]  TNC→FBB  ch=4  PARAM  "0 0 0 0 0 0 -"
[22:26:42.150]  FBB→TNC  ch=0  STATS  "L"
[22:26:42.175]  TNC→FBB  ch=0  PARAM  "0 0 0 0 0 0 -"
[22:26:42.178]  FBB→TNC  ch=1  STATS  "L"
[22:26:42.203]  TNC→FBB  ch=1  PARAM  "0 0 0 0 0 0 -"
[22:26:42.205]  FBB→TNC  ch=2  STATS  "L"
[22:26:42.230]  TNC→FBB  ch=2  PARAM  "0 0 0 0 0 0 -"
[22:26:42.231]  FBB→TNC  ch=3  STATS  "L"
[22:26:42.256]  TNC→FBB  ch=3  PARAM  "0 0 0 0 0 0 -"
[22:26:42.257]  FBB→TNC  ch=4  STATS  "L"
[22:26:42.284]  TNC→FBB  ch=4  PARAM  "0 0 0 0 0 0 -"
[22:26:42.284]  FBB→TNC  ch=0  STATS  "L"
[22:26:42.309]  TNC→FBB  ch=0  PARAM  "0 0 0 0 0 0 -"
[22:26:42.309]  FBB→TNC  ch=1  STATS  "L"
[22:26:42.334]  TNC→FBB  ch=1  PARAM  "0 0 0 0 0 0 -"
[22:26:42.337]  FBB→TNC  ch=2  STATS  "L"
[22:26:42.363]  TNC→FBB  ch=2  PARAM  "0 0 0 0 0 0 -"
[22:26:42.365]  FBB→TNC  ch=3  STATS  "L"
[22:26:42.391]  TNC→FBB  ch=3  PARAM  "0 0 0 0 0 0 -"
[22:26:42.396]  FBB→TNC  ch=4  STATS  "L"
[22:26:42.421]  TNC→FBB  ch=4  PARAM  "0 0 0 0 0 0 -"
[22:26:42.421]  FBB→TNC  ch=0  STATS  "L"
[22:26:42.446]  TNC→FBB  ch=0  PARAM  "0 0 0 0 0 0 -"
[22:26:42.446]  FBB→TNC  ch=1  STATS  "L"
[22:26:42.471]  TNC→FBB  ch=1  PARAM  "0 0 0 0 0 0 -"
[22:26:42.473]  FBB→TNC  ch=2  STATS  "L"
[22:26:42.497]  TNC→FBB  ch=2  PARAM  "0 0 0 0 0 0 -"
[22:26:42.500]  FBB→TNC  ch=3  STATS  "L"
[22:26:42.539]  TNC→FBB  ch=3  PARAM  "0 0 0 0 0 0 -"
[22:26:42.540]  FBB→TNC  ch=4  STATS  "L"
[22:26:42.566]  TNC→FBB  ch=4  PARAM  "0 0 0 0 0 0 -"
[22:26:42.566]  FBB→TNC  ch=0  STATS  "L"
[22:26:42.592]  TNC→FBB  ch=0  PARAM  "0 0 0 0 0 0 -"
[22:26:42.593]  FBB→TNC  ch=1  STATS  "L"
[22:26:42.618]  TNC→FBB  ch=1  PARAM  "0 0 0 0 0 0 -"
[22:26:42.619]  FBB→TNC  ch=2  STATS  "L"
[22:26:42.645]  TNC→FBB  ch=2  PARAM  "0 0 0 0 0 0 -"
[22:26:42.646]  FBB→TNC  ch=3  STATS  "L"
[22:26:42.670]  TNC→FBB  ch=3  PARAM  "0 0 0 0 0 0 -"
[22:26:42.673]  FBB→TNC  ch=4  STATS  "L"
[22:26:42.698]  TNC→FBB  ch=4  PARAM  "0 0 0 0 0 0 -"
[22:26:42.699]  FBB→TNC  ch=0  STATS  "L"
[22:26:42.724]  TNC→FBB  ch=0  PARAM  "0 0 0 0 0 0 -"
[22:26:42.724]  FBB→TNC  ch=1  STATS  "L"
[22:26:42.750]  TNC→FBB  ch=1  PARAM  "0 0 0 0 0 0 -"
[22:26:42.750]  FBB→TNC  ch=2  STATS  "L"
[22:26:42.776]  TNC→FBB  ch=2  PARAM  "0 0 0 0 0 0 -"
[22:26:42.776]  FBB→TNC  ch=3  STATS  "L"
[22:26:42.801]  TNC→FBB  ch=3  PARAM  "0 0 0 0 0 0 -"
[22:26:42.801]  FBB→TNC  ch=4  STATS  "L"
[22:26:42.827]  TNC→FBB  ch=4  PARAM  "0 0 0 0 0 0 -"
[22:26:42.827]  FBB→TNC  ch=0  STATS  "L"
[22:26:42.852]  TNC→FBB  ch=0  PARAM  "0 0 0 0 0 0 -"
[22:26:42.853]  FBB→TNC  ch=1  STATS  "L"
[22:26:42.877]  TNC→FBB  ch=1  PARAM  "0 0 0 0 0 0 -"
[22:26:42.879]  FBB→TNC  ch=2  STATS  "L"
[22:26:42.905]  TNC→FBB  ch=2  PARAM  "0 0 0 0 0 0 -"
[22:26:42.905]  FBB→TNC  ch=3  STATS  "L"
[22:26:42.930]  TNC→FBB  ch=3  PARAM  "0 0 0 0 0 0 -"
[22:26:42.931]  FBB→TNC  ch=4  STATS  "L"
[22:26:42.956]  TNC→FBB  ch=4  PARAM  "0 0 0 0 0 0 -"
[22:26:42.958]  FBB→TNC  ch=0  STATS  "L"
[22:26:42.983]  TNC→FBB  ch=0  PARAM  "0 0 0 0 0 0 -"
[22:26:42.989]  FBB→TNC  ch=1  STATS  "L"
[22:26:43.014]  TNC→FBB  ch=1  PARAM  "0 0 0 0 0 0 -"
[22:26:43.016]  FBB→TNC  ch=2  STATS  "L"
[22:26:43.041]  TNC→FBB  ch=2  PARAM  "0 0 0 0 0 0 -"
[22:26:43.042]  FBB→TNC  ch=3  STATS  "L"
[22:26:43.067]  TNC→FBB  ch=3  PARAM  "0 0 0 0 0 0 -"
[22:26:43.068]  FBB→TNC  ch=4  STATS  "L"
[22:26:43.093]  TNC→FBB  ch=4  PARAM  "0 0 0 0 0 0 -"
[22:26:43.094]  FBB→TNC  ch=0  STATS  "L"
[22:26:43.120]  TNC→FBB  ch=0  PARAM  "0 0 0 0 0 0 -"
[22:26:43.125]  FBB→TNC  ch=1  STATS  "L"
[22:26:43.151]  TNC→FBB  ch=1  PARAM  "0 0 0 0 0 0 -"
[22:26:43.153]  FBB→TNC  ch=2  STATS  "L"
[22:26:43.179]  TNC→FBB  ch=2  PARAM  "0 0 0 0 0 0 -"
[22:26:43.179]  FBB→TNC  ch=3  STATS  "L"
[22:26:43.205]  TNC→FBB  ch=3  PARAM  "0 0 0 0 0 0 -"
[22:26:43.205]  FBB→TNC  ch=4  STATS  "L"
[22:26:43.231]  TNC→FBB  ch=4  PARAM  "0 0 0 0 0 0 -"
[22:26:43.232]  FBB→TNC  ch=0  STATS  "L"
[22:26:43.256]  TNC→FBB  ch=0  PARAM  "0 0 0 0 0 0 -"
[22:26:43.257]  FBB→TNC  ch=1  STATS  "L"
[22:26:43.284]  TNC→FBB  ch=1  PARAM  "0 0 0 0 0 0 -"
[22:26:43.284]  FBB→TNC  ch=2  STATS  "L"
[22:26:43.309]  TNC→FBB  ch=2  PARAM  "0 0 0 0 0 0 -"
[22:26:43.309]  FBB→TNC  ch=3  STATS  "L"
[22:26:43.335]  TNC→FBB  ch=3  PARAM  "0 0 0 0 0 0 -"
[22:26:43.335]  FBB→TNC  ch=4  STATS  "L"
[22:26:43.361]  TNC→FBB  ch=4  PARAM  "0 0 0 0 0 0 -"
[22:26:43.362]  FBB→TNC  ch=0  STATS  "L"
[22:26:43.388]  TNC→FBB  ch=0  PARAM  "0 0 0 0 0 0 -"
[22:26:43.388]  FBB→TNC  ch=0  FREEBUF  "@B"
[22:26:43.402]  TNC→FBB  ch=0  PARAM  "0"
[22:26:43.403]  FBB→TNC  ch=1  STATS  "L"
[22:26:43.428]  TNC→FBB  ch=1  PARAM  "0 0 0 0 0 0 -"
[22:26:43.429]  FBB→TNC  ch=2  STATS  "L"
[22:26:43.454]  TNC→FBB  ch=2  PARAM  "0 0 0 0 0 0 -"
[22:26:43.455]  FBB→TNC  ch=3  STATS  "L"
[22:26:43.480]  TNC→FBB  ch=3  PARAM  "0 0 0 0 0 0 -"
[22:26:43.482]  FBB→TNC  ch=4  STATS  "L"
[22:26:43.539]  TNC→FBB  ch=4  PARAM  "0 0 0 0 0 0 -"
[22:26:43.540]  FBB→TNC  ch=0  STATS  "L"
[22:26:43.565]  TNC→FBB  ch=0  PARAM  "0 0 0 0 0 0 -"
[22:26:43.565]  FBB→TNC  ch=1  STATS  "L"
[22:26:43.591]  TNC→FBB  ch=1  PARAM  "0 0 0 0 0 0 -"
[22:26:43.594]  FBB→TNC  ch=2  STATS  "L"
[22:26:43.621]  TNC→FBB  ch=2  PARAM  "0 0 0 0 0 0 -"
[22:26:43.625]  FBB→TNC  ch=3  STATS  "L"
[22:26:43.650]  TNC→FBB  ch=3  PARAM  "0 0 0 0 0 0 -"
[22:26:43.650]  FBB→TNC  ch=4  STATS  "L"
[22:26:43.676]  TNC→FBB  ch=4  PARAM  "0 0 0 0 0 0 -"
[22:26:43.678]  FBB→TNC  ch=0  STATS  "L"
[22:26:43.701]  TNC→FBB  ch=0  PARAM  "0 0 0 0 0 0 -"
[22:26:43.701]  FBB→TNC  ch=1  STATS  "L"
[22:26:43.727]  TNC→FBB  ch=1  PARAM  "0 0 0 0 0 0 -"
[22:26:43.727]  FBB→TNC  ch=2  STATS  "L"
[22:26:43.752]  TNC→FBB  ch=2  PARAM  "0 0 0 0 0 0 -"
[22:26:43.753]  FBB→TNC  ch=3  STATS  "L"
[22:26:43.779]  TNC→FBB  ch=3  PARAM  "0 0 0 0 0 0 -"
[22:26:43.779]  FBB→TNC  ch=4  STATS  "L"
[22:26:43.804]  TNC→FBB  ch=4  PARAM  "0 0 0 0 0 0 -"
[22:26:43.804]  FBB→TNC  ch=0  STATS  "L"
[22:26:43.830]  TNC→FBB  ch=0  PARAM  "0 0 0 0 0 0 -"
[22:26:43.830]  FBB→TNC  ch=1  STATS  "L"
[22:26:43.856]  TNC→FBB  ch=1  PARAM  "0 0 0 0 0 0 -"
[22:26:43.856]  FBB→TNC  ch=2  STATS  "L"
[22:26:43.882]  TNC→FBB  ch=2  PARAM  "0 0 0 0 0 0 -"
[22:26:43.882]  FBB→TNC  ch=3  STATS  "L"
[22:26:43.908]  TNC→FBB  ch=3  PARAM  "0 0 0 0 0 0 -"
[22:26:43.909]  FBB→TNC  ch=4  STATS  "L"
[22:26:43.934]  TNC→FBB  ch=4  PARAM  "0 0 0 0 0 0 -"
[22:26:43.934]  FBB→TNC  ch=0  STATS  "L"
[22:26:43.960]  TNC→FBB  ch=0  PARAM  "0 0 0 0 0 0 -"
[22:26:43.962]  FBB→TNC  ch=1  STATS  "L"
[22:26:43.987]  TNC→FBB  ch=1  PARAM  "0 0 0 0 0 0 -"
[22:26:43.987]  FBB→TNC  ch=2  STATS  "L"
[22:26:44.012]  TNC→FBB  ch=2  PARAM  "0 0 0 0 0 0 -"
[22:26:44.013]  FBB→TNC  ch=3  STATS  "L"
[22:26:44.038]  TNC→FBB  ch=3  PARAM  "0 0 0 0 0 0 -"
[22:26:44.039]  FBB→TNC  ch=4  STATS  "L"
[22:26:44.064]  TNC→FBB  ch=4  PARAM  "0 0 0 0 0 0 -"
[22:26:44.069]  FBB→TNC  ch=0  STATS  "L"
[22:26:44.094]  TNC→FBB  ch=0  PARAM  "0 0 0 0 0 0 -"
[22:26:44.094]  FBB→TNC  ch=1  STATS  "L"
[22:26:44.120]  TNC→FBB  ch=1  PARAM  "0 0 0 0 0 0 -"
[22:26:44.120]  FBB→TNC  ch=2  STATS  "L"
[22:26:44.145]  TNC→FBB  ch=2  PARAM  "0 0 0 0 0 0 -"
[22:26:44.145]  FBB→TNC  ch=3  STATS  "L"
[22:26:44.171]  TNC→FBB  ch=3  PARAM  "0 0 0 0 0 0 -"
[22:26:44.175]  FBB→TNC  ch=4  STATS  "L"
[22:26:44.200]  TNC→FBB  ch=4  PARAM  "0 0 0 0 0 0 -"
[22:26:44.200]  FBB→TNC  ch=0  STATS  "L"
[22:26:44.225]  TNC→FBB  ch=0  PARAM  "0 0 0 0 0 0 -"
[22:26:44.226]  FBB→TNC  ch=1  STATS  "L"
[22:26:44.251]  TNC→FBB  ch=1  PARAM  "0 0 0 0 0 0 -"
[22:26:44.252]  FBB→TNC  ch=2  STATS  "L"
[22:26:44.276]  TNC→FBB  ch=2  PARAM  "0 0 0 0 0 0 -"
[22:26:44.277]  FBB→TNC  ch=3  STATS  "L"
[22:26:44.302]  TNC→FBB  ch=3  PARAM  "0 0 0 0 0 0 -"
[22:26:44.303]  FBB→TNC  ch=4  STATS  "L"
[22:26:44.327]  TNC→FBB  ch=4  PARAM  "0 0 0 0 0 0 -"
[22:26:44.328]  FBB→TNC  ch=0  STATS  "L"
[22:26:44.353]  TNC→FBB  ch=0  PARAM  "0 0 0 0 0 0 -"
[22:26:44.353]  FBB→TNC  ch=1  STATS  "L"
[22:26:44.379]  TNC→FBB  ch=1  PARAM  "0 0 0 0 0 0 -"
[22:26:44.380]  FBB→TNC  ch=2  STATS  "L"
[22:26:44.405]  TNC→FBB  ch=2  PARAM  "0 0 0 0 0 0 -"
[22:26:44.405]  FBB→TNC  ch=3  STATS  "L"
[22:26:44.431]  TNC→FBB  ch=3  PARAM  "0 0 0 0 0 0 -"
[22:26:44.432]  FBB→TNC  ch=4  STATS  "L"
[22:26:44.457]  TNC→FBB  ch=4  PARAM  "0 0 0 0 0 0 -"
[22:26:44.457]  FBB→TNC  ch=0  STATS  "L"
[22:26:44.482]  TNC→FBB  ch=0  PARAM  "0 0 0 0 0 0 -"
[22:26:44.483]  FBB→TNC  ch=1  STATS  "L"
[22:26:44.539]  TNC→FBB  ch=1  PARAM  "0 0 0 0 0 0 -"
[22:26:44.541]  FBB→TNC  ch=2  STATS  "L"
[22:26:44.567]  TNC→FBB  ch=2  PARAM  "0 0 0 0 0 0 -"
[22:26:44.573]  FBB→TNC  ch=3  STATS  "L"
[22:26:44.599]  TNC→FBB  ch=3  PARAM  "0 0 0 0 0 0 -"
[22:26:44.602]  FBB→TNC  ch=4  STATS  "L"
[22:26:44.627]  TNC→FBB  ch=4  PARAM  "0 0 0 0 0 0 -"
[22:26:44.632]  FBB→TNC  ch=0  STATS  "L"
[22:26:44.657]  TNC→FBB  ch=0  PARAM  "0 0 0 0 0 0 -"
[22:26:44.662]  FBB→TNC  ch=1  STATS  "L"
[22:26:44.688]  TNC→FBB  ch=1  PARAM  "0 0 0 0 0 0 -"
[22:26:44.688]  FBB→TNC  ch=2  STATS  "L"
[22:26:44.713]  TNC→FBB  ch=2  PARAM  "0 0 0 0 0 0 -"
[22:26:44.714]  FBB→TNC  ch=3  STATS  "L"
[22:26:44.740]  TNC→FBB  ch=3  PARAM  "0 0 0 0 0 0 -"
[22:26:44.740]  FBB→TNC  ch=4  STATS  "L"
[22:26:44.767]  TNC→FBB  ch=4  PARAM  "0 0 0 0 0 0 -"
[22:26:44.768]  FBB→TNC  ch=0  STATS  "L"
[22:26:44.794]  TNC→FBB  ch=0  PARAM  "0 0 0 0 0 0 -"
[22:26:44.796]  FBB→TNC  ch=0  FREEBUF  "@B"
[22:26:44.812]  TNC→FBB  ch=0  PARAM  "840"
[22:26:44.812]  FBB→TNC  ch=1  STATS  "L"
[22:26:44.842]  TNC→FBB  ch=1  PARAM  "1 0 0 0 0 1 NL1MVV"
[22:26:44.844]  FBB→TNC  ch=1  POLL  "G"
[22:26:44.880]  TNC→FBB  ch=1  LINK-STATUS  "(1) CONNECTED to NL1MVV"
[22:26:44.881]  FBB→TNC  ch=2  STATS  "L"
[22:26:44.907]  TNC→FBB  ch=2  PARAM  "0 0 0 0 0 0 -"
[22:26:44.908]  FBB→TNC  ch=1  TX-DATA  64b
  0000  5B 46 42 42 2D 37 2E 30 2E 31 31 2D 41 42 31 46  [FBB-7.0.11-AB1F
  0010  48 4D 52 58 24 5D 0D 50 44 34 4D 56 20 42 42 53  HMRX$].PD4MV BBS
  0020  2C 20 51 54 48 20 4A 4F 32 32 4F 51 2E 0D 48 65  , QTH JO22OQ..He
  0030  6C 6C 6F 20 6D 69 63 68 65 6C 2C 20 79 6F 75 20  llo michel, you 
[22:26:44.985]  TNC→FBB  ch=1  ACK
[22:26:44.986]  FBB→TNC  ch=1  TX-DATA  64b
  0000  61 72 65 20 6E 6F 77 20 6F 6E 20 63 68 61 6E 6E  are now on chann
  0010  65 6C 20 31 2E 0D 48 65 72 65 20 61 72 65 20 30  el 1..Here are 0
  0020  20 61 63 74 69 76 65 20 6D 65 73 73 61 67 65 73   active messages
  0030  2C 20 31 30 30 20 69 73 20 6C 61 73 74 20 6D 65  , 100 is last me
[22:26:45.088]  TNC→FBB  ch=1  ERROR  "TNC BUSY - LINE IGNORED"
[22:26:45.088]  FBB→TNC  ch=1  TX-DATA  64b
  0000  73 73 61 67 65 20 61 6E 64 20 0D 31 30 30 20 69  ssage and .100 i
  0010  73 20 74 68 65 20 6C 61 73 74 20 79 6F 75 20 68  s the last you h
  0020  61 76 65 20 6C 69 73 74 65 64 2E 0D 0D 41 73 73  ave listed...Ass
  0030  69 67 6E 65 64 20 63 68 61 6E 6E 65 6C 73 3A 0D  igned channels:.
[22:26:45.190]  TNC→FBB  ch=1  ERROR  "TNC BUSY - LINE IGNORED"
[22:26:45.192]  FBB→TNC  ch=1  TX-DATA  64b
  0000  43 68 2E 20 31 20 20 28 38 36 38 2E 34 38 30 29  Ch. 1  (868.480)
  0010  20 3A 20 4E 4C 31 4D 56 56 2D 30 20 20 2D 20 46   : NL1MVV-0  - F
  0020  72 69 20 31 35 2F 30 35 2F 32 36 20 32 32 3A 32  ri 15/05/26 22:2
  0030  36 0D 0D 0D 2A 2A 2A 2A 2A 2A 2A 2A 2A 2A 2A 2A  6...************
[22:26:45.357]  TNC→FBB  ch=1  ERROR  "TNC BUSY - LINE IGNORED"
[22:26:45.358]  FBB→TNC  ch=1  FREEBUF  "@B"
[22:26:45.372]  TNC→FBB  ch=1  PARAM  "0"
[22:26:45.373]  FBB→TNC  ch=2  STATS  "L"
[22:26:45.401]  TNC→FBB  ch=2  PARAM  "0 0 0 0 0 0 -"
[22:26:45.404]  FBB→TNC  ch=3  STATS  "L"
[22:26:45.429]  TNC→FBB  ch=3  PARAM  "0 0 0 0 0 0 -"
[22:26:45.430]  FBB→TNC  ch=4  STATS  "L"
[22:26:45.455]  TNC→FBB  ch=4  PARAM  "0 0 0 0 0 0 -"
[22:26:45.456]  FBB→TNC  ch=0  STATS  "L"
[22:26:45.481]  TNC→FBB  ch=0  PARAM  "0 0 0 0 0 0 -"
[22:26:45.482]  FBB→TNC  ch=1  STATS  "L"
[22:26:45.545]  TNC→FBB  ch=1  PARAM  "0 0 1 1 0 1 NL1MVV"
[22:26:45.546]  FBB→TNC  ch=2  STATS  "L"
[22:26:45.572]  TNC→FBB  ch=2  PARAM  "0 0 0 0 0 0 -"
[22:26:45.573]  FBB→TNC  ch=3  STATS  "L"
[22:26:45.598]  TNC→FBB  ch=3  PARAM  "0 0 0 0 0 0 -"
[22:26:45.600]  FBB→TNC  ch=4  STATS  "L"
[22:26:45.626]  TNC→FBB  ch=4  PARAM  "0 0 0 0 0 0 -"
[22:26:45.626]  FBB→TNC  ch=0  STATS  "L"
[22:26:45.652]  TNC→FBB  ch=0  PARAM  "0 0 0 0 0 0 -"
[22:26:45.652]  FBB→TNC  ch=1  STATS  "L"
[22:26:45.682]  TNC→FBB  ch=1  PARAM  "0 0 1 1 0 1 NL1MVV"
[22:26:45.683]  FBB→TNC  ch=2  STATS  "L"
[22:26:45.708]  TNC→FBB  ch=2  PARAM  "0 0 0 0 0 0 -"
[22:26:45.710]  FBB→TNC  ch=3  STATS  "L"
[22:26:45.735]  TNC→FBB  ch=3  PARAM  "0 0 0 0 0 0 -"
[22:26:45.735]  FBB→TNC  ch=4  STATS  "L"
[22:26:45.761]  TNC→FBB  ch=4  PARAM  "0 0 0 0 0 0 -"
[22:26:45.763]  FBB→TNC  ch=0  STATS  "L"
[22:26:45.787]  TNC→FBB  ch=0  PARAM  "0 0 0 0 0 0 -"
[22:26:45.791]  FBB→TNC  ch=1  STATS  "L"
[22:26:45.819]  TNC→FBB  ch=1  PARAM  "0 0 1 1 0 1 NL1MVV"
[22:26:45.821]  FBB→TNC  ch=2  STATS  "L"
[22:26:45.846]  TNC→FBB  ch=2  PARAM  "0 0 0 0 0 0 -"
[22:26:45.848]  FBB→TNC  ch=3  STATS  "L"
[22:26:45.873]  TNC→FBB  ch=3  PARAM  "0 0 0 0 0 0 -"
[22:26:45.874]  FBB→TNC  ch=4  STATS  "L"
[22:26:45.899]  TNC→FBB  ch=4  PARAM  "0 0 0 0 0 0 -"
[22:26:45.899]  FBB→TNC  ch=0  STATS  "L"
[22:26:45.925]  TNC→FBB  ch=0  PARAM  "0 0 0 0 0 0 -"
[22:26:45.926]  FBB→TNC  ch=1  STATS  "L"
[22:26:45.956]  TNC→FBB  ch=1  PARAM  "0 0 1 1 0 1 NL1MVV"
[22:26:45.956]  FBB→TNC  ch=2  STATS  "L"
[22:26:45.982]  TNC→FBB  ch=2  PARAM  "0 0 0 0 0 0 -"
[22:26:45.982]  FBB→TNC  ch=3  STATS  "L"
[22:26:46.007]  TNC→FBB  ch=3  PARAM  "0 0 0 0 0 0 -"
[22:26:46.008]  FBB→TNC  ch=4  STATS  "L"
[22:26:46.033]  TNC→FBB  ch=4  PARAM  "0 0 0 0 0 0 -"
[22:26:46.034]  FBB→TNC  ch=0  STATS  "L"
[22:26:46.059]  TNC→FBB  ch=0  PARAM  "0 0 0 0 0 0 -"
[22:26:46.061]  FBB→TNC  ch=1  STATS  "L"
[22:26:46.092]  TNC→FBB  ch=1  PARAM  "0 0 1 1 0 1 NL1MVV"
[22:26:46.093]  FBB→TNC  ch=2  STATS  "L"
[22:26:46.121]  TNC→FBB  ch=2  PARAM  "0 0 0 0 0 0 -"
[22:26:46.123]  FBB→TNC  ch=3  STATS  "L"
[22:26:46.148]  TNC→FBB  ch=3  PARAM  "0 0 0 0 0 0 -"
[22:26:46.153]  FBB→TNC  ch=4  STATS  "L"
[22:26:46.179]  TNC→FBB  ch=4  PARAM  "0 0 0 0 0 0 -"
[22:26:46.181]  FBB→TNC  ch=0  STATS  "L"
[22:26:46.206]  TNC→FBB  ch=0  PARAM  "0 0 0 0 0 0 -"
[22:26:46.212]  FBB→TNC  ch=1  STATS  "L"
[22:26:46.242]  TNC→FBB  ch=1  PARAM  "0 0 1 1 0 1 NL1MVV"
[22:26:46.244]  FBB→TNC  ch=2  STATS  "L"
[22:26:46.271]  TNC→FBB  ch=2  PARAM  "0 0 0 0 0 0 -"
[22:26:46.276]  FBB→TNC  ch=3  STATS  "L"
[22:26:46.301]  TNC→FBB  ch=3  PARAM  "0 0 0 0 0 0 -"
[22:26:46.301]  FBB→TNC  ch=4  STATS  "L"
[22:26:46.327]  TNC→FBB  ch=4  PARAM  "0 0 0 0 0 0 -"
[22:26:46.327]  FBB→TNC  ch=0  STATS  "L"
[22:26:46.498]  TNC→FBB  ch=0  PARAM  "0 0 0 0 0 0 -"
[22:26:46.498]  FBB→TNC  ch=1  STATS  "L"
[22:26:46.545]  TNC→FBB  ch=1  PARAM  "0 0 1 1 0 1 NL1MVV"
[22:26:46.549]  FBB→TNC  ch=2  STATS  "L"
[22:26:46.575]  TNC→FBB  ch=2  PARAM  "0 0 0 0 0 0 -"
[22:26:46.575]  FBB→TNC  ch=3  STATS  "L"
[22:26:46.601]  TNC→FBB  ch=3  PARAM  "0 0 0 0 0 0 -"
[22:26:46.602]  FBB→TNC  ch=4  STATS  "L"
[22:26:46.626]  TNC→FBB  ch=4  PARAM  "0 0 0 0 0 0 -"
[22:26:46.627]  FBB→TNC  ch=0  STATS  "L"
[22:26:46.654]  TNC→FBB  ch=0  PARAM  "0 0 0 0 0 0 -"
[22:26:46.656]  FBB→TNC  ch=1  STATS  "L"
[22:26:46.687]  TNC→FBB  ch=1  PARAM  "0 0 1 1 0 1 NL1MVV"
[22:26:46.687]  FBB→TNC  ch=2  STATS  "L"
[22:26:46.712]  TNC→FBB  ch=2  PARAM  "0 0 0 0 0 0 -"
[22:26:46.716]  FBB→TNC  ch=3  STATS  "L"
[22:26:46.742]  TNC→FBB  ch=3  PARAM  "0 0 0 0 0 0 -"
[22:26:46.743]  FBB→TNC  ch=4  STATS  "L"
[22:26:46.768]  TNC→FBB  ch=4  PARAM  "0 0 0 0 0 0 -"
[22:26:46.768]  FBB→TNC  ch=0  STATS  "L"
[22:26:46.794]  TNC→FBB  ch=0  PARAM  "0 0 0 0 0 0 -"
[22:26:46.794]  FBB→TNC  ch=1  STATS  "L"
[22:26:46.825]  TNC→FBB  ch=1  PARAM  "0 0 1 1 0 1 NL1MVV"
[22:26:46.825]  FBB→TNC  ch=2  STATS  "L"
[22:26:46.851]  TNC→FBB  ch=2  PARAM  "0 0 0 0 0 0 -"
[22:26:46.852]  FBB→TNC  ch=3  STATS  "L"
[22:26:46.876]  TNC→FBB  ch=3  PARAM  "0 0 0 0 0 0 -"
[22:26:46.877]  FBB→TNC  ch=4  STATS  "L"
[22:26:46.904]  TNC→FBB  ch=4  PARAM  "0 0 0 0 0 0 -"
[22:26:46.905]  FBB→TNC  ch=0  STATS  "L"
[22:26:46.931]  TNC→FBB  ch=0  PARAM  "0 0 0 0 0 0 -"
[22:26:46.931]  FBB→TNC  ch=1  STATS  "L"
[22:26:46.962]  TNC→FBB  ch=1  PARAM  "0 0 1 1 0 1 NL1MVV"
[22:26:46.962]  FBB→TNC  ch=1  FREEBUF  "@B"
[22:26:46.977]  TNC→FBB  ch=1  PARAM  "0"
[22:26:46.977]  FBB→TNC  ch=2  STATS  "L"
[22:26:47.002]  TNC→FBB  ch=2  PARAM  "0 0 0 0 0 0 -"
[22:26:47.005]  FBB→TNC  ch=3  STATS  "L"
[22:26:47.030]  TNC→FBB  ch=3  PARAM  "0 0 0 0 0 0 -"
[22:26:47.030]  FBB→TNC  ch=4  STATS  "L"
[22:26:47.057]  TNC→FBB  ch=4  PARAM  "0 0 0 0 0 0 -"
[22:26:47.057]  FBB→TNC  ch=0  STATS  "L"
[22:26:47.082]  TNC→FBB  ch=0  PARAM  "0 0 0 0 0 0 -"
[22:26:47.083]  FBB→TNC  ch=1  STATS  "L"
[22:26:47.114]  TNC→FBB  ch=1  PARAM  "0 0 1 1 0 1 NL1MVV"
[22:26:47.114]  FBB→TNC  ch=2  STATS  "L"
[22:26:47.139]  TNC→FBB  ch=2  PARAM  "0 0 0 0 0 0 -"
[22:26:47.143]  FBB→TNC  ch=3  STATS  "L"
[22:26:47.168]  TNC→FBB  ch=3  PARAM  "0 0 0 0 0 0 -"
[22:26:47.172]  FBB→TNC  ch=4  STATS  "L"
[22:26:47.197]  TNC→FBB  ch=4  PARAM  "0 0 0 0 0 0 -"
[22:26:47.197]  FBB→TNC  ch=0  STATS  "L"
[22:26:47.223]  TNC→FBB  ch=0  PARAM  "0 0 0 0 0 0 -"
[22:26:47.224]  FBB→TNC  ch=1  STATS  "L"
[22:26:47.255]  TNC→FBB  ch=1  PARAM  "0 0 1 1 0 1 NL1MVV"
[22:26:47.257]  FBB→TNC  ch=2  STATS  "L"
[22:26:47.283]  TNC→FBB  ch=2  PARAM  "0 0 0 0 0 0 -"
[22:26:47.283]  FBB→TNC  ch=3  STATS  "L"
[22:26:47.309]  TNC→FBB  ch=3  PARAM  "0 0 0 0 0 0 -"
[22:26:47.312]  FBB→TNC  ch=4  STATS  "L"
[22:26:47.337]  TNC→FBB  ch=4  PARAM  "0 0 0 0 0 0 -"
[22:26:47.338]  FBB→TNC  ch=0  STATS  "L"
[22:26:47.363]  TNC→FBB  ch=0  PARAM  "0 0 0 0 0 0 -"
[22:26:47.364]  FBB→TNC  ch=1  STATS  "L"
[22:26:47.395]  TNC→FBB  ch=1  PARAM  "0 0 1 1 0 1 NL1MVV"
[22:26:47.397]  FBB→TNC  ch=2  STATS  "L"
[22:26:47.421]  TNC→FBB  ch=2  PARAM  "0 0 0 0 0 0 -"
[22:26:47.422]  FBB→TNC  ch=3  STATS  "L"
[22:26:47.447]  TNC→FBB  ch=3  PARAM  "0 0 0 0 0 0 -"
[22:26:47.448]  FBB→TNC  ch=4  STATS  "L"
[22:26:47.473]  TNC→FBB  ch=4  PARAM  "0 0 0 0 0 0 -"
[22:26:47.473]  FBB→TNC  ch=0  STATS  "L"
[22:26:47.499]  TNC→FBB  ch=0  PARAM  "0 0 0 0 0 0 -"
[22:26:47.500]  FBB→TNC  ch=1  STATS  "L"
[22:26:47.545]  TNC→FBB  ch=1  PARAM  "0 0 1 1 0 1 NL1MVV"
[22:26:47.546]  FBB→TNC  ch=2  STATS  "L"
[22:26:47.571]  TNC→FBB  ch=2  PARAM  "0 0 0 0 0 0 -"
[22:26:47.572]  FBB→TNC  ch=3  STATS  "L"
[22:26:47.597]  TNC→FBB  ch=3  PARAM  "0 0 0 0 0 0 -"
[22:26:47.598]  FBB→TNC  ch=4  STATS  "L"
[22:26:47.623]  TNC→FBB  ch=4  PARAM  "0 0 0 0 0 0 -"
[22:26:47.624]  FBB→TNC  ch=0  STATS  "L"
[22:26:47.649]  TNC→FBB  ch=0  PARAM  "0 0 0 0 0 0 -"
[22:26:47.650]  FBB→TNC  ch=1  STATS  "L"
[22:26:47.680]  TNC→FBB  ch=1  PARAM  "0 0 1 1 0 1 NL1MVV"
[22:26:47.680]  FBB→TNC  ch=2  STATS  "L"
[22:26:47.705]  TNC→FBB  ch=2  PARAM  "0 0 0 0 0 0 -"
[22:26:47.708]  FBB→TNC  ch=3  STATS  "L"
[22:26:47.734]  TNC→FBB  ch=3  PARAM  "0 0 0 0 0 0 -"
[22:26:47.736]  FBB→TNC  ch=4  STATS  "L"
[22:26:47.761]  TNC→FBB  ch=4  PARAM  "0 0 0 0 0 0 -"
[22:26:47.762]  FBB→TNC  ch=0  STATS  "L"
[22:26:47.787]  TNC→FBB  ch=0  PARAM  "0 0 0 0 0 0 -"
[22:26:47.788]  FBB→TNC  ch=1  STATS  "L"
[22:26:47.818]  TNC→FBB  ch=1  PARAM  "0 0 1 1 0 1 NL1MVV"
[22:26:47.818]  FBB→TNC  ch=2  STATS  "L"
[22:26:47.844]  TNC→FBB  ch=2  PARAM  "0 0 0 0 0 0 -"
[22:26:47.845]  FBB→TNC  ch=3  STATS  "L"
[22:26:47.871]  TNC→FBB  ch=3  PARAM  "0 0 0 0 0 0 -"
[22:26:47.872]  FBB→TNC  ch=4  STATS  "L"
[22:26:47.898]  TNC→FBB  ch=4  PARAM  "0 0 0 0 0 0 -"
[22:26:47.899]  FBB→TNC  ch=0  STATS  "L"
[22:26:47.924]  TNC→FBB  ch=0  PARAM  "0 0 0 0 0 0 -"
[22:26:47.924]  FBB→TNC  ch=1  STATS  "L"
[22:26:47.955]  TNC→FBB  ch=1  PARAM  "0 0 1 1 0 1 NL1MVV"
[22:26:47.955]  FBB→TNC  ch=2  STATS  "L"
[22:26:47.981]  TNC→FBB  ch=2  PARAM  "0 0 0 0 0 0 -"
[22:26:47.982]  FBB→TNC  ch=3  STATS  "L"
[22:26:48.008]  TNC→FBB  ch=3  PARAM  "0 0 0 0 0 0 -"
[22:26:48.009]  FBB→TNC  ch=4  STATS  "L"
[22:26:48.034]  TNC→FBB  ch=4  PARAM  "0 0 0 0 0 0 -"
[22:26:48.034]  FBB→TNC  ch=0  STATS  "L"
[22:26:48.061]  TNC→FBB  ch=0  PARAM  "0 0 0 0 0 0 -"
[22:26:48.061]  FBB→TNC  ch=1  STATS  "L"
[22:26:48.091]  TNC→FBB  ch=1  PARAM  "0 0 1 1 0 1 NL1MVV"
[22:26:48.093]  FBB→TNC  ch=2  STATS  "L"
[22:26:48.117]  TNC→FBB  ch=2  PARAM  "0 0 0 0 0 0 -"
[22:26:48.118]  FBB→TNC  ch=3  STATS  "L"
[22:26:48.142]  TNC→FBB  ch=3  PARAM  "0 0 0 0 0 0 -"
[22:26:48.143]  FBB→TNC  ch=4  STATS  "L"
[22:26:48.168]  TNC→FBB  ch=4  PARAM  "0 0 0 0 0 0 -"
[22:26:48.170]  FBB→TNC  ch=0  STATS  "L"
[22:26:48.195]  TNC→FBB  ch=0  PARAM  "0 0 0 0 0 0 -"
[22:26:48.196]  FBB→TNC  ch=1  STATS  "L"
[22:26:48.226]  TNC→FBB  ch=1  PARAM  "0 0 1 1 0 1 NL1MVV"
[22:26:48.228]  FBB→TNC  ch=2  STATS  "L"
[22:26:48.252]  TNC→FBB  ch=2  PARAM  "0 0 0 0 0 0 -"
[22:26:48.254]  FBB→TNC  ch=3  STATS  "L"
[22:26:48.280]  TNC→FBB  ch=3  PARAM  "0 0 0 0 0 0 -"
[22:26:48.280]  FBB→TNC  ch=4  STATS  "L"
[22:26:48.306]  TNC→FBB  ch=4  PARAM  "0 0 0 0 0 0 -"
[22:26:48.307]  FBB→TNC  ch=0  STATS  "L"
[22:26:48.331]  TNC→FBB  ch=0  PARAM  "0 0 0 0 0 0 -"
[22:26:48.333]  FBB→TNC  ch=1  STATS  "L"
[22:26:48.364]  TNC→FBB  ch=1  PARAM  "0 0 1 1 0 1 NL1MVV"
[22:26:48.365]  FBB→TNC  ch=1  FREEBUF  "@B"
[22:26:48.380]  TNC→FBB  ch=1  PARAM  "0"
[22:26:48.384]  FBB→TNC  ch=2  STATS  "L"
[22:26:48.407]  TNC→FBB  ch=2  PARAM  "0 0 0 0 0 0 -"
[22:26:48.411]  FBB→TNC  ch=3  STATS  "L"
[22:26:48.435]  TNC→FBB  ch=3  PARAM  "0 0 0 0 0 0 -"
[22:26:48.440]  FBB→TNC  ch=4  STATS  "L"
[22:26:48.465]  TNC→FBB  ch=4  PARAM  "0 0 0 0 0 0 -"
[22:26:48.466]  FBB→TNC  ch=0  STATS  "L"
[22:26:48.492]  TNC→FBB  ch=0  PARAM  "0 0 0 0 0 0 -"
[22:26:48.493]  FBB→TNC  ch=1  STATS  "L"
[22:26:48.545]  TNC→FBB  ch=1  PARAM  "0 0 1 1 0 1 NL1MVV"
[22:26:48.546]  FBB→TNC  ch=2  STATS  "L"
[22:26:48.572]  TNC→FBB  ch=2  PARAM  "0 0 0 0 0 0 -"
[22:26:48.572]  FBB→TNC  ch=3  STATS  "L"
[22:26:48.598]  TNC→FBB  ch=3  PARAM  "0 0 0 0 0 0 -"
[22:26:48.599]  FBB→TNC  ch=4  STATS  "L"
[22:26:48.624]  TNC→FBB  ch=4  PARAM  "0 0 0 0 0 0 -"
[22:26:48.624]  FBB→TNC  ch=0  STATS  "L"
[22:26:48.650]  TNC→FBB  ch=0  PARAM  "0 0 0 0 0 0 -"
[22:26:48.650]  FBB→TNC  ch=1  STATS  "L"
[22:26:48.680]  TNC→FBB  ch=1  PARAM  "0 0 1 1 0 1 NL1MVV"
[22:26:48.681]  FBB→TNC  ch=2  STATS  "L"
[22:26:48.706]  TNC→FBB  ch=2  PARAM  "0 0 0 0 0 0 -"
[22:26:48.707]  FBB→TNC  ch=3  STATS  "L"
[22:26:48.733]  TNC→FBB  ch=3  PARAM  "0 0 0 0 0 0 -"
[22:26:48.734]  FBB→TNC  ch=4  STATS  "L"
[22:26:48.758]  TNC→FBB  ch=4  PARAM  "0 0 0 0 0 0 -"
[22:26:48.761]  FBB→TNC  ch=0  STATS  "L"
[22:26:48.787]  TNC→FBB  ch=0  PARAM  "0 0 0 0 0 0 -"
[22:26:48.788]  FBB→TNC  ch=1  STATS  "L"
[22:26:48.819]  TNC→FBB  ch=1  PARAM  "0 0 1 1 0 1 NL1MVV"
[22:26:48.823]  FBB→TNC  ch=2  STATS  "L"
[22:26:48.847]  TNC→FBB  ch=2  PARAM  "0 0 0 0 0 0 -"
[22:26:48.847]  FBB→TNC  ch=3  STATS  "L"
[22:26:48.874]  TNC→FBB  ch=3  PARAM  "0 0 0 0 0 0 -"
[22:26:48.874]  FBB→TNC  ch=4  STATS  "L"
[22:26:48.900]  TNC→FBB  ch=4  PARAM  "0 0 0 0 0 0 -"
[22:26:48.900]  FBB→TNC  ch=0  STATS  "L"
[22:26:48.925]  TNC→FBB  ch=0  PARAM  "0 0 0 0 0 0 -"
[22:26:48.928]  FBB→TNC  ch=1  STATS  "L"
[22:26:48.959]  TNC→FBB  ch=1  PARAM  "0 0 1 1 0 1 NL1MVV"
[22:26:48.959]  FBB→TNC  ch=2  STATS  "L"
[22:26:48.985]  TNC→FBB  ch=2  PARAM  "0 0 0 0 0 0 -"
[22:26:48.989]  FBB→TNC  ch=3  STATS  "L"
[22:26:49.013]  TNC→FBB  ch=3  PARAM  "0 0 0 0 0 0 -"
[22:26:49.014]  FBB→TNC  ch=4  STATS  "L"
[22:26:49.039]  TNC→FBB  ch=4  PARAM  "0 0 0 0 0 0 -"
[22:26:49.039]  FBB→TNC  ch=0  STATS  "L"
[22:26:49.065]  TNC→FBB  ch=0  PARAM  "0 0 0 0 0 0 -"
[22:26:49.065]  FBB→TNC  ch=1  STATS  "L"
[22:26:49.096]  TNC→FBB  ch=1  PARAM  "0 0 1 1 0 1 NL1MVV"
[22:26:49.096]  FBB→TNC  ch=2  STATS  "L"
[22:26:49.122]  TNC→FBB  ch=2  PARAM  "0 0 0 0 0 0 -"
[22:26:49.125]  FBB→TNC  ch=3  STATS  "L"
[22:26:49.150]  TNC→FBB  ch=3  PARAM  "0 0 0 0 0 0 -"
[22:26:49.151]  FBB→TNC  ch=4  STATS  "L"
[22:26:49.177]  TNC→FBB  ch=4  PARAM  "0 0 0 0 0 0 -"
[22:26:49.177]  FBB→TNC  ch=0  STATS  "L"
[22:26:49.202]  TNC→FBB  ch=0  PARAM  "0 0 0 0 0 0 -"
[22:26:49.203]  FBB→TNC  ch=1  STATS  "L"
[22:26:49.234]  TNC→FBB  ch=1  PARAM  "0 0 1 0 0 1 NL1MVV"
[22:26:49.234]  FBB→TNC  ch=2  STATS  "L"
[22:26:49.260]  TNC→FBB  ch=2  PARAM  "0 0 0 0 0 0 -"
[22:26:49.260]  FBB→TNC  ch=3  STATS  "L"
[22:26:49.285]  TNC→FBB  ch=3  PARAM  "0 0 0 0 0 0 -"
[22:26:49.286]  FBB→TNC  ch=4  STATS  "L"
[22:26:49.312]  TNC→FBB  ch=4  PARAM  "0 0 0 0 0 0 -"
[22:26:49.313]  FBB→TNC  ch=0  STATS  "L"
[22:26:49.337]  TNC→FBB  ch=0  PARAM  "0 0 0 0 0 0 -"
[22:26:49.338]  FBB→TNC  ch=1  STATS  "L"
[22:26:49.368]  TNC→FBB  ch=1  PARAM  "0 0 1 0 0 1 NL1MVV"
[22:26:49.368]  FBB→TNC  ch=2  STATS  "L"
[22:26:49.394]  TNC→FBB  ch=2  PARAM  "0 0 0 0 0 0 -"
[22:26:49.394]  FBB→TNC  ch=3  STATS  "L"
[22:26:49.420]  TNC→FBB  ch=3  PARAM  "0 0 0 0 0 0 -"
[22:26:49.420]  FBB→TNC  ch=4  STATS  "L"
[22:26:49.445]  TNC→FBB  ch=4  PARAM  "0 0 0 0 0 0 -"
[22:26:49.447]  FBB→TNC  ch=0  STATS  "L"
[22:26:49.472]  TNC→FBB  ch=0  PARAM  "0 0 0 0 0 0 -"
[22:26:49.472]  FBB→TNC  ch=1  STATS  "L"
[22:26:49.503]  TNC→FBB  ch=1  PARAM  "0 0 1 0 0 1 NL1MVV"
[22:26:49.503]  FBB→TNC  ch=2  STATS  "L"
[22:26:49.540]  TNC→FBB  ch=2  PARAM  "0 0 0 0 0 0 -"
[22:26:49.540]  FBB→TNC  ch=3  STATS  "L"
[22:26:49.566]  TNC→FBB  ch=3  PARAM  "0 0 0 0 0 0 -"
[22:26:49.570]  FBB→TNC  ch=4  STATS  "L"
[22:26:49.596]  TNC→FBB  ch=4  PARAM  "0 0 0 0 0 0 -"
[22:26:49.599]  FBB→TNC  ch=0  STATS  "L"
[22:26:49.624]  TNC→FBB  ch=0  PARAM  "0 0 0 0 0 0 -"
[22:26:49.625]  FBB→TNC  ch=1  STATS  "L"
[22:26:49.656]  TNC→FBB  ch=1  PARAM  "0 0 1 0 0 1 NL1MVV"
[22:26:49.656]  FBB→TNC  ch=2  STATS  "L"
[22:26:49.683]  TNC→FBB  ch=2  PARAM  "0 0 0 0 0 0 -"
[22:26:49.683]  FBB→TNC  ch=3  STATS  "L"
[22:26:49.708]  TNC→FBB  ch=3  PARAM  "0 0 0 0 0 0 -"
[22:26:49.709]  FBB→TNC  ch=4  STATS  "L"
[22:26:49.735]  TNC→FBB  ch=4  PARAM  "0 0 0 0 0 0 -"
[22:26:49.736]  FBB→TNC  ch=0  STATS  "L"
[22:26:49.762]  TNC→FBB  ch=0  PARAM  "0 0 0 0 0 0 -"
[22:26:49.763]  FBB→TNC  ch=1  STATS  "L"
[22:26:49.793]  TNC→FBB  ch=1  PARAM  "0 0 1 0 0 1 NL1MVV"
[22:26:49.800]  FBB→TNC  ch=1  FREEBUF  "@B"
[22:26:49.815]  TNC→FBB  ch=1  PARAM  "0"
[22:26:49.815]  FBB→TNC  ch=2  STATS  "L"
[22:26:49.841]  TNC→FBB  ch=2  PARAM  "0 0 0 0 0 0 -"
[22:26:49.841]  FBB→TNC  ch=3  STATS  "L"
[22:26:49.866]  TNC→FBB  ch=3  PARAM  "0 0 0 0 0 0 -"
[22:26:49.867]  FBB→TNC  ch=4  STATS  "L"
[22:26:49.892]  TNC→FBB  ch=4  PARAM  "0 0 0 0 0 0 -"
[22:26:49.893]  FBB→TNC  ch=0  STATS  "L"
[22:26:49.919]  TNC→FBB  ch=0  PARAM  "0 0 0 0 0 0 -"
[22:26:49.925]  FBB→TNC  ch=1  STATS  "L"
[22:26:49.954]  TNC→FBB  ch=1  PARAM  "0 0 1 0 0 1 NL1MVV"
[22:26:49.954]  FBB→TNC  ch=2  STATS  "L"
[22:26:49.980]  TNC→FBB  ch=2  PARAM  "0 0 0 0 0 0 -"
[22:26:49.981]  FBB→TNC  ch=3  STATS  "L"
[22:26:50.007]  TNC→FBB  ch=3  PARAM  "0 0 0 0 0 0 -"
[22:26:50.008]  FBB→TNC  ch=4  STATS  "L"
[22:26:50.034]  TNC→FBB  ch=4  PARAM  "0 0 0 0 0 0 -"
[22:26:50.035]  FBB→TNC  ch=0  STATS  "L"
[22:26:50.060]  TNC→FBB  ch=0  PARAM  "0 0 0 0 0 0 -"
[22:26:50.060]  FBB→TNC  ch=1  STATS  "L"
[22:26:50.091]  TNC→FBB  ch=1  PARAM  "0 0 1 0 0 1 NL1MVV"
[22:26:50.091]  FBB→TNC  ch=2  STATS  "L"
[22:26:50.116]  TNC→FBB  ch=2  PARAM  "0 0 0 0 0 0 -"
[22:26:50.119]  FBB→TNC  ch=3  STATS  "L"
[22:26:50.144]  TNC→FBB  ch=3  PARAM  "0 0 0 0 0 0 -"
[22:26:50.144]  FBB→TNC  ch=4  STATS  "L"
[22:26:50.218]  TNC→FBB  ch=4  PARAM  "0 0 0 0 0 0 -"
[22:26:50.219]  FBB→TNC  ch=0  STATS  "L"
[22:26:50.244]  TNC→FBB  ch=0  PARAM  "0 0 0 0 0 0 -"
[22:26:50.244]  FBB→TNC  ch=1  STATS  "L"
[22:26:50.277]  TNC→FBB  ch=1  PARAM  "0 0 1 0 0 1 NL1MVV"
[22:26:50.277]  FBB→TNC  ch=2  STATS  "L"
[22:26:50.302]  TNC→FBB  ch=2  PARAM  "0 0 0 0 0 0 -"
[22:26:50.303]  FBB→TNC  ch=3  STATS  "L"
[22:26:50.328]  TNC→FBB  ch=3  PARAM  "0 0 0 0 0 0 -"
[22:26:50.333]  FBB→TNC  ch=4  STATS  "L"
[22:26:50.358]  TNC→FBB  ch=4  PARAM  "0 0 0 0 0 0 -"
[22:26:50.358]  FBB→TNC  ch=0  STATS  "L"
[22:26:50.383]  TNC→FBB  ch=0  PARAM  "0 0 0 0 0 0 -"
[22:26:50.383]  FBB→TNC  ch=1  STATS  "L"
[22:26:50.414]  TNC→FBB  ch=1  PARAM  "0 0 1 0 0 1 NL1MVV"
[22:26:50.415]  FBB→TNC  ch=2  STATS  "L"
[22:26:50.440]  TNC→FBB  ch=2  PARAM  "0 0 0 0 0 0 -"
[22:26:50.441]  FBB→TNC  ch=3  STATS  "L"
[22:26:50.465]  TNC→FBB  ch=3  PARAM  "0 0 0 0 0 0 -"
[22:26:50.467]  FBB→TNC  ch=4  STATS  "L"
[22:26:50.492]  TNC→FBB  ch=4  PARAM  "0 0 0 0 0 0 -"
[22:26:50.494]  FBB→TNC  ch=0  STATS  "L"
[22:26:50.539]  TNC→FBB  ch=0  PARAM  "0 0 0 0 0 0 -"
[22:26:50.540]  FBB→TNC  ch=1  STATS  "L"
[22:26:50.571]  TNC→FBB  ch=1  PARAM  "0 0 1 0 0 1 NL1MVV"
[22:26:50.571]  FBB→TNC  ch=2  STATS  "L"
[22:26:50.597]  TNC→FBB  ch=2  PARAM  "0 0 0 0 0 0 -"
[22:26:50.599]  FBB→TNC  ch=3  STATS  "L"
[22:26:50.624]  TNC→FBB  ch=3  PARAM  "0 0 0 0 0 0 -"
[22:26:50.624]  FBB→TNC  ch=4  STATS  "L"
[22:26:50.649]  TNC→FBB  ch=4  PARAM  "0 0 0 0 0 0 -"
[22:26:50.650]  FBB→TNC  ch=0  STATS  "L"
[22:26:50.674]  TNC→FBB  ch=0  PARAM  "0 0 0 0 0 0 -"
[22:26:50.678]  FBB→TNC  ch=1  STATS  "L"
[22:26:50.708]  TNC→FBB  ch=1  PARAM  "0 0 1 0 0 1 NL1MVV"
[22:26:50.708]  FBB→TNC  ch=2  STATS  "L"
[22:26:50.734]  TNC→FBB  ch=2  PARAM  "0 0 0 0 0 0 -"
[22:26:50.735]  FBB→TNC  ch=3  STATS  "L"
[22:26:50.761]  TNC→FBB  ch=3  PARAM  "0 0 0 0 0 0 -"
[22:26:50.762]  FBB→TNC  ch=4  STATS  "L"
[22:26:50.788]  TNC→FBB  ch=4  PARAM  "0 0 0 0 0 0 -"
[22:26:50.789]  FBB→TNC  ch=0  STATS  "L"
[22:26:50.814]  TNC→FBB  ch=0  PARAM  "0 0 0 0 0 0 -"
[22:26:50.814]  FBB→TNC  ch=1  STATS  "L"
[22:26:50.847]  TNC→FBB  ch=1  PARAM  "0 0 1 0 0 1 NL1MVV"
[22:26:50.850]  FBB→TNC  ch=2  STATS  "L"
[22:26:50.876]  TNC→FBB  ch=2  PARAM  "0 0 0 0 0 0 -"
[22:26:50.876]  FBB→TNC  ch=3  STATS  "L"
[22:26:50.901]  TNC→FBB  ch=3  PARAM  "0 0 0 0 0 0 -"
[22:26:50.902]  FBB→TNC  ch=4  STATS  "L"
[22:26:50.927]  TNC→FBB  ch=4  PARAM  "0 0 0 0 0 0 -"
[22:26:50.932]  FBB→TNC  ch=0  STATS  "L"
[22:26:50.958]  TNC→FBB  ch=0  PARAM  "0 0 0 0 0 0 -"
[22:26:50.958]  FBB→TNC  ch=1  STATS  "L"
[22:26:50.988]  TNC→FBB  ch=1  PARAM  "0 0 1 0 0 1 NL1MVV"
[22:26:50.989]  FBB→TNC  ch=2  STATS  "L"
[22:26:51.014]  TNC→FBB  ch=2  PARAM  "0 0 0 0 0 0 -"
[22:26:51.017]  FBB→TNC  ch=3  STATS  "L"
[22:26:51.042]  TNC→FBB  ch=3  PARAM  "0 0 0 0 0 0 -"
[22:26:51.042]  FBB→TNC  ch=4  STATS  "L"
[22:26:51.067]  TNC→FBB  ch=4  PARAM  "0 0 0 0 0 0 -"
[22:26:51.067]  FBB→TNC  ch=0  STATS  "L"
[22:26:51.093]  TNC→FBB  ch=0  PARAM  "0 0 0 0 0 0 -"
[22:26:51.096]  FBB→TNC  ch=1  STATS  "L"
[22:26:51.125]  TNC→FBB  ch=1  PARAM  "0 0 1 0 0 1 NL1MVV"
[22:26:51.125]  FBB→TNC  ch=2  STATS  "L"
[22:26:51.151]  TNC→FBB  ch=2  PARAM  "0 0 0 0 0 0 -"
[22:26:51.151]  FBB→TNC  ch=3  STATS  "L"
[22:26:51.176]  TNC→FBB  ch=3  PARAM  "0 0 0 0 0 0 -"
[22:26:51.177]  FBB→TNC  ch=4  STATS  "L"
[22:26:51.203]  TNC→FBB  ch=4  PARAM  "0 0 0 0 0 0 -"
[22:26:51.203]  FBB→TNC  ch=0  STATS  "L"
[22:26:51.228]  TNC→FBB  ch=0  PARAM  "0 0 0 0 0 0 -"
[22:26:51.233]  FBB→TNC  ch=1  STATS  "L"
[22:26:51.264]  TNC→FBB  ch=1  PARAM  "0 0 1 0 0 1 NL1MVV"
[22:26:51.265]  FBB→TNC  ch=1  FREEBUF  "@B"
[22:26:51.280]  TNC→FBB  ch=1  PARAM  "0"
[22:26:51.281]  FBB→TNC  ch=2  STATS  "L"
[22:26:51.306]  TNC→FBB  ch=2  PARAM  "0 0 0 0 0 0 -"
[22:26:51.307]  FBB→TNC  ch=3  STATS  "L"
[22:26:51.332]  TNC→FBB  ch=3  PARAM  "0 0 0 0 0 0 -"
[22:26:51.332]  FBB→TNC  ch=4  STATS  "L"
[22:26:51.357]  TNC→FBB  ch=4  PARAM  "0 0 0 0 0 0 -"
[22:26:51.358]  FBB→TNC  ch=0  STATS  "L"
[22:26:51.382]  TNC→FBB  ch=0  PARAM  "0 0 0 0 0 0 -"
[22:26:51.386]  FBB→TNC  ch=1  STATS  "L"
[22:26:51.416]  TNC→FBB  ch=1  PARAM  "0 0 1 0 0 1 NL1MVV"
[22:26:51.418]  FBB→TNC  ch=2  STATS  "L"
[22:26:51.443]  TNC→FBB  ch=2  PARAM  "0 0 0 0 0 0 -"
[22:26:51.446]  FBB→TNC  ch=3  STATS  "L"
[22:26:51.471]  TNC→FBB  ch=3  PARAM  "0 0 0 0 0 0 -"
[22:26:51.472]  FBB→TNC  ch=4  STATS  "L"
[22:26:51.498]  TNC→FBB  ch=4  PARAM  "0 0 0 0 0 0 -"
[22:26:51.499]  FBB→TNC  ch=0  STATS  "L"
[22:26:51.539]  TNC→FBB  ch=0  PARAM  "0 0 0 0 0 0 -"
[22:26:51.540]  FBB→TNC  ch=1  STATS  "L"
[22:26:51.570]  TNC→FBB  ch=1  PARAM  "0 0 1 0 0 1 NL1MVV"
[22:26:51.571]  FBB→TNC  ch=2  STATS  "L"
[22:26:51.596]  TNC→FBB  ch=2  PARAM  "0 0 0 0 0 0 -"
[22:26:51.596]  FBB→TNC  ch=3  STATS  "L"
[22:26:51.622]  TNC→FBB  ch=3  PARAM  "0 0 0 0 0 0 -"
[22:26:51.623]  FBB→TNC  ch=4  STATS  "L"
[22:26:51.649]  TNC→FBB  ch=4  PARAM  "0 0 0 0 0 0 -"
[22:26:51.649]  FBB→TNC  ch=0  STATS  "L"
[22:26:51.677]  TNC→FBB  ch=0  PARAM  "0 0 0 0 0 0 -"
[22:26:51.677]  FBB→TNC  ch=1  STATS  "L"
[22:26:51.707]  TNC→FBB  ch=1  PARAM  "0 0 1 0 0 1 NL1MVV"
[22:26:51.708]  FBB→TNC  ch=2  STATS  "L"
[22:26:51.733]  TNC→FBB  ch=2  PARAM  "0 0 0 0 0 0 -"
[22:26:51.734]  FBB→TNC  ch=3  STATS  "L"
[22:26:51.759]  TNC→FBB  ch=3  PARAM  "0 0 0 0 0 0 -"
[22:26:51.763]  FBB→TNC  ch=4  STATS  "L"
[22:26:51.788]  TNC→FBB  ch=4  PARAM  "0 0 0 0 0 0 -"
[22:26:51.788]  FBB→TNC  ch=0  STATS  "L"
[22:26:51.815]  TNC→FBB  ch=0  PARAM  "0 0 0 0 0 0 -"
[22:26:51.818]  FBB→TNC  ch=1  STATS  "L"
[22:26:51.850]  TNC→FBB  ch=1  PARAM  "0 0 1 0 0 1 NL1MVV"
[22:26:51.850]  FBB→TNC  ch=2  STATS  "L"
[22:26:51.878]  TNC→FBB  ch=2  PARAM  "0 0 0 0 0 0 -"
[22:26:51.878]  FBB→TNC  ch=3  STATS  "L"
[22:26:51.904]  TNC→FBB  ch=3  PARAM  "0 0 0 0 0 0 -"
[22:26:51.906]  FBB→TNC  ch=4  STATS  "L"
[22:26:51.931]  TNC→FBB  ch=4  PARAM  "0 0 0 0 0 0 -"
[22:26:51.932]  FBB→TNC  ch=0  STATS  "L"
[22:26:51.957]  TNC→FBB  ch=0  PARAM  "0 0 0 0 0 0 -"
[22:26:51.957]  FBB→TNC  ch=1  STATS  "L"
[22:26:51.988]  TNC→FBB  ch=1  PARAM  "0 0 1 0 0 1 NL1MVV"
[22:26:51.989]  FBB→TNC  ch=2  STATS  "L"
[22:26:52.014]  TNC→FBB  ch=2  PARAM  "0 0 0 0 0 0 -"
[22:26:52.015]  FBB→TNC  ch=3  STATS  "L"
[22:26:52.041]  TNC→FBB  ch=3  PARAM  "0 0 0 0 0 0 -"
[22:26:52.043]  FBB→TNC  ch=4  STATS  "L"
[22:26:52.071]  TNC→FBB  ch=4  PARAM  "0 0 0 0 0 0 -"
[22:26:52.073]  FBB→TNC  ch=0  STATS  "L"
[22:26:52.099]  TNC→FBB  ch=0  PARAM  "0 0 0 0 0 0 -"
[22:26:52.100]  FBB→TNC  ch=1  STATS  "L"
[22:26:52.131]  TNC→FBB  ch=1  PARAM  "0 0 1 0 0 1 NL1MVV"
[22:26:52.136]  FBB→TNC  ch=2  STATS  "L"
[22:26:52.161]  TNC→FBB  ch=2  PARAM  "0 0 0 0 0 0 -"
[22:26:52.162]  FBB→TNC  ch=3  STATS  "L"
[22:26:52.187]  TNC→FBB  ch=3  PARAM  "0 0 0 0 0 0 -"
[22:26:52.189]  FBB→TNC  ch=4  STATS  "L"
[22:26:52.215]  TNC→FBB  ch=4  PARAM  "0 0 0 0 0 0 -"
[22:26:52.215]  FBB→TNC  ch=0  STATS  "L"
[22:26:52.240]  TNC→FBB  ch=0  PARAM  "0 0 0 0 0 0 -"
[22:26:52.243]  FBB→TNC  ch=1  STATS  "L"
[22:26:52.273]  TNC→FBB  ch=1  PARAM  "0 0 1 0 0 1 NL1MVV"
[22:26:52.274]  FBB→TNC  ch=2  STATS  "L"
[22:26:52.299]  TNC→FBB  ch=2  PARAM  "0 0 0 0 0 0 -"
[22:26:52.302]  FBB→TNC  ch=3  STATS  "L"
[22:26:52.328]  TNC→FBB  ch=3  PARAM  "0 0 0 0 0 0 -"
[22:26:52.328]  FBB→TNC  ch=4  STATS  "L"
[22:26:52.354]  TNC→FBB  ch=4  PARAM  "0 0 0 0 0 0 -"
[22:26:52.354]  FBB→TNC  ch=0  STATS  "L"
[22:26:52.379]  TNC→FBB  ch=0  PARAM  "0 0 0 0 0 0 -"
[22:26:52.380]  FBB→TNC  ch=1  STATS  "L"
[22:26:52.410]  TNC→FBB  ch=1  PARAM  "0 0 1 0 0 1 NL1MVV"
[22:26:52.410]  FBB→TNC  ch=2  STATS  "L"
[22:26:52.435]  TNC→FBB  ch=2  PARAM  "0 0 0 0 0 0 -"
[22:26:52.436]  FBB→TNC  ch=3  STATS  "L"
[22:26:52.461]  TNC→FBB  ch=3  PARAM  "0 0 0 0 0 0 -"
[22:26:52.462]  FBB→TNC  ch=4  STATS  "L"
[22:26:52.489]  TNC→FBB  ch=4  PARAM  "0 0 0 0 0 0 -"
[22:26:52.489]  FBB→TNC  ch=0  STATS  "L"
[22:26:52.539]  TNC→FBB  ch=0  PARAM  "0 0 0 0 0 0 -"
[22:26:52.539]  FBB→TNC  ch=1  STATS  "L"
[22:26:52.570]  TNC→FBB  ch=1  PARAM  "0 0 1 0 0 1 NL1MVV"
[22:26:52.570]  FBB→TNC  ch=2  STATS  "L"
[22:26:52.595]  TNC→FBB  ch=2  PARAM  "0 0 0 0 0 0 -"
[22:26:52.596]  FBB→TNC  ch=3  STATS  "L"
[22:26:52.621]  TNC→FBB  ch=3  PARAM  "0 0 0 0 0 0 -"
[22:26:52.622]  FBB→TNC  ch=4  STATS  "L"
[22:26:52.647]  TNC→FBB  ch=4  PARAM  "0 0 0 0 0 0 -"
[22:26:52.648]  FBB→TNC  ch=0  STATS  "L"
[22:26:52.673]  TNC→FBB  ch=0  PARAM  "0 0 0 0 0 0 -"
[22:26:52.673]  FBB→TNC  ch=1  STATS  "L"
[22:26:52.704]  TNC→FBB  ch=1  PARAM  "0 0 1 0 0 1 NL1MVV"
[22:26:52.705]  FBB→TNC  ch=1  FREEBUF  "@B"
[22:26:52.719]  TNC→FBB  ch=1  PARAM  "0"
[22:26:52.719]  FBB→TNC  ch=2  STATS  "L"
[22:26:52.745]  TNC→FBB  ch=2  PARAM  "0 0 0 0 0 0 -"
[22:26:52.746]  FBB→TNC  ch=3  STATS  "L"
[22:26:52.774]  TNC→FBB  ch=3  PARAM  "0 0 0 0 0 0 -"
[22:26:52.777]  FBB→TNC  ch=4  STATS  "L"
[22:26:52.802]  TNC→FBB  ch=4  PARAM  "0 0 0 0 0 0 -"
[22:26:52.802]  FBB→TNC  ch=0  STATS  "L"
[22:26:52.828]  TNC→FBB  ch=0  PARAM  "0 0 0 0 0 0 -"
[22:26:52.829]  FBB→TNC  ch=1  STATS  "L"
[22:26:52.859]  TNC→FBB  ch=1  PARAM  "0 0 1 0 0 1 NL1MVV"
[22:26:52.860]  FBB→TNC  ch=2  STATS  "L"
[22:26:52.885]  TNC→FBB  ch=2  PARAM  "0 0 0 0 0 0 -"
[22:26:52.885]  FBB→TNC  ch=3  STATS  "L"
[22:26:52.912]  TNC→FBB  ch=3  PARAM  "0 0 0 0 0 0 -"
[22:26:52.913]  FBB→TNC  ch=4  STATS  "L"
[22:26:52.938]  TNC→FBB  ch=4  PARAM  "0 0 0 0 0 0 -"
[22:26:52.939]  FBB→TNC  ch=0  STATS  "L"
[22:26:52.964]  TNC→FBB  ch=0  PARAM  "0 0 0 0 0 0 -"
[22:26:52.965]  FBB→TNC  ch=1  STATS  "L"
[22:26:52.996]  TNC→FBB  ch=1  PARAM  "0 0 0 0 0 1 NL1MVV"
[22:26:52.997]  FBB→TNC  ch=2  STATS  "L"
[22:26:53.022]  TNC→FBB  ch=2  PARAM  "0 0 0 0 0 0 -"
[22:26:53.022]  FBB→TNC  ch=3  STATS  "L"
[22:26:53.047]  TNC→FBB  ch=3  PARAM  "0 0 0 0 0 0 -"
[22:26:53.052]  FBB→TNC  ch=4  STATS  "L"
[22:26:53.076]  TNC→FBB  ch=4  PARAM  "0 0 0 0 0 0 -"
[22:26:53.078]  FBB→TNC  ch=0  STATS  "L"
[22:26:53.104]  TNC→FBB  ch=0  PARAM  "0 0 0 0 0 0 -"
[22:26:53.104]  FBB→TNC  ch=1  STATS  "L"
[22:26:53.136]  TNC→FBB  ch=1  PARAM  "0 0 0 0 0 1 NL1MVV"
[22:26:53.136]  FBB→TNC  ch=2  STATS  "L"
[22:26:53.161]  TNC→FBB  ch=2  PARAM  "0 0 0 0 0 0 -"
[22:26:53.162]  FBB→TNC  ch=3  STATS  "L"
[22:26:53.187]  TNC→FBB  ch=3  PARAM  "0 0 0 0 0 0 -"
[22:26:53.191]  FBB→TNC  ch=4  STATS  "L"
[22:26:53.216]  TNC→FBB  ch=4  PARAM  "0 0 0 0 0 0 -"
[22:26:53.218]  FBB→TNC  ch=0  STATS  "L"
[22:26:53.244]  TNC→FBB  ch=0  PARAM  "0 0 0 0 0 0 -"
[22:26:53.248]  FBB→TNC  ch=1  STATS  "L"
[22:26:53.278]  TNC→FBB  ch=1  PARAM  "0 0 0 0 0 1 NL1MVV"
[22:26:53.279]  FBB→TNC  ch=2  STATS  "L"
[22:26:53.304]  TNC→FBB  ch=2  PARAM  "0 0 0 0 0 0 -"
[22:26:53.307]  FBB→TNC  ch=3  STATS  "L"
[22:26:53.332]  TNC→FBB  ch=3  PARAM  "0 0 0 0 0 0 -"
[22:26:53.333]  FBB→TNC  ch=4  STATS  "L"
[22:26:53.358]  TNC→FBB  ch=4  PARAM  "0 0 0 0 0 0 -"
[22:26:53.358]  FBB→TNC  ch=0  STATS  "L"
[22:26:53.383]  TNC→FBB  ch=0  PARAM  "0 0 0 0 0 0 -"
[22:26:53.384]  FBB→TNC  ch=1  STATS  "L"
[22:26:53.415]  TNC→FBB  ch=1  PARAM  "0 0 0 0 0 1 NL1MVV"
[22:26:53.417]  FBB→TNC  ch=2  STATS  "L"
[22:26:53.442]  TNC→FBB  ch=2  PARAM  "0 0 0 0 0 0 -"
[22:26:53.444]  FBB→TNC  ch=3  STATS  "L"
[22:26:53.469]  TNC→FBB  ch=3  PARAM  "0 0 0 0 0 0 -"
[22:26:53.470]  FBB→TNC  ch=4  STATS  "L"
[22:26:53.496]  TNC→FBB  ch=4  PARAM  "0 0 0 0 0 0 -"
[22:26:53.496]  FBB→TNC  ch=0  STATS  "L"
[22:26:53.539]  TNC→FBB  ch=0  PARAM  "0 0 0 0 0 0 -"
[22:26:53.540]  FBB→TNC  ch=1  STATS  "L"
[22:26:53.570]  TNC→FBB  ch=1  PARAM  "0 0 0 0 0 1 NL1MVV"
[22:26:53.571]  FBB→TNC  ch=2  STATS  "L"
[22:26:53.597]  TNC→FBB  ch=2  PARAM  "0 0 0 0 0 0 -"
[22:26:53.600]  FBB→TNC  ch=3  STATS  "L"
[22:26:53.624]  TNC→FBB  ch=3  PARAM  "0 0 0 0 0 0 -"
[22:26:53.625]  FBB→TNC  ch=4  STATS  "L"
[22:26:53.650]  TNC→FBB  ch=4  PARAM  "0 0 0 0 0 0 -"
[22:26:53.650]  FBB→TNC  ch=0  STATS  "L"
[22:26:53.675]  TNC→FBB  ch=0  PARAM  "0 0 0 0 0 0 -"
[22:26:53.676]  FBB→TNC  ch=1  STATS  "L"
[22:26:53.706]  TNC→FBB  ch=1  PARAM  "0 0 0 0 0 1 NL1MVV"
[22:26:53.708]  FBB→TNC  ch=2  STATS  "L"
[22:26:53.733]  TNC→FBB  ch=2  PARAM  "0 0 0 0 0 0 -"
[22:26:53.738]  FBB→TNC  ch=3  STATS  "L"
[22:26:53.764]  TNC→FBB  ch=3  PARAM  "0 0 0 0 0 0 -"
[22:26:53.765]  FBB→TNC  ch=4  STATS  "L"
[22:26:53.790]  TNC→FBB  ch=4  PARAM  "0 0 0 0 0 0 -"
[22:26:53.791]  FBB→TNC  ch=0  STATS  "L"
[22:26:53.816]  TNC→FBB  ch=0  PARAM  "0 0 0 0 0 0 -"
[22:26:53.817]  FBB→TNC  ch=1  STATS  "L"
[22:26:53.846]  TNC→FBB  ch=1  PARAM  "0 0 0 0 0 1 NL1MVV"
[22:26:53.847]  FBB→TNC  ch=2  STATS  "L"
[22:26:53.872]  TNC→FBB  ch=2  PARAM  "0 0 0 0 0 0 -"
[22:26:53.873]  FBB→TNC  ch=3  STATS  "L"
[22:26:53.898]  TNC→FBB  ch=3  PARAM  "0 0 0 0 0 0 -"
[22:26:53.898]  FBB→TNC  ch=4  STATS  "L"
[22:26:53.924]  TNC→FBB  ch=4  PARAM  "0 0 0 0 0 0 -"
[22:26:53.924]  FBB→TNC  ch=0  STATS  "L"
[22:26:53.950]  TNC→FBB  ch=0  PARAM  "0 0 0 0 0 0 -"
[22:26:53.950]  FBB→TNC  ch=1  STATS  "L"
[22:26:53.981]  TNC→FBB  ch=1  PARAM  "0 0 0 0 0 1 NL1MVV"
[22:26:53.981]  FBB→TNC  ch=2  STATS  "L"
[22:26:54.006]  TNC→FBB  ch=2  PARAM  "0 0 0 0 0 0 -"
[22:26:54.007]  FBB→TNC  ch=3  STATS  "L"
[22:26:54.033]  TNC→FBB  ch=3  PARAM  "0 0 0 0 0 0 -"
[22:26:54.033]  FBB→TNC  ch=4  STATS  "L"
[22:26:54.059]  TNC→FBB  ch=4  PARAM  "0 0 0 0 0 0 -"
[22:26:54.060]  FBB→TNC  ch=0  STATS  "L"
[22:26:54.084]  TNC→FBB  ch=0  PARAM  "0 0 0 0 0 0 -"
[22:26:54.086]  FBB→TNC  ch=1  STATS  "L"
[22:26:54.117]  TNC→FBB  ch=1  PARAM  "0 0 0 0 0 1 NL1MVV"
[22:26:54.117]  FBB→TNC  ch=1  FREEBUF  "@B"
[22:26:54.132]  TNC→FBB  ch=1  PARAM  "840"
[22:26:54.134]  FBB→TNC  ch=2  STATS  "L"
[22:26:54.159]  TNC→FBB  ch=2  PARAM  "0 0 0 0 0 0 -"
[22:26:54.161]  FBB→TNC  ch=3  STATS  "L"
[22:26:54.185]  TNC→FBB  ch=3  PARAM  "0 0 0 0 0 0 -"
[22:26:54.185]  FBB→TNC  ch=4  STATS  "L"
[22:26:54.210]  TNC→FBB  ch=4  PARAM  "0 0 0 0 0 0 -"
[22:26:54.210]  FBB→TNC  ch=0  STATS  "L"
[22:26:54.235]  TNC→FBB  ch=0  PARAM  "0 0 0 0 0 0 -"
[22:26:54.238]  FBB→TNC  ch=1  STATS  "L"
[22:26:54.269]  TNC→FBB  ch=1  PARAM  "0 0 0 0 0 1 NL1MVV"
[22:26:54.270]  FBB→TNC  ch=2  STATS  "L"
[22:26:54.296]  TNC→FBB  ch=2  PARAM  "0 0 0 0 0 0 -"
[22:26:54.297]  FBB→TNC  ch=3  STATS  "L"
[22:26:54.323]  TNC→FBB  ch=3  PARAM  "0 0 0 0 0 0 -"
[22:26:54.323]  FBB→TNC  ch=4  STATS  "L"
[22:26:54.349]  TNC→FBB  ch=4  PARAM  "0 0 0 0 0 0 -"
[22:26:54.350]  FBB→TNC  ch=0  STATS  "L"
[22:26:54.375]  TNC→FBB  ch=0  PARAM  "0 0 0 0 0 0 -"
[22:26:54.376]  FBB→TNC  ch=1  STATS  "L"
[22:26:54.406]  TNC→FBB  ch=1  PARAM  "0 0 0 0 0 1 NL1MVV"
[22:26:54.407]  FBB→TNC  ch=2  STATS  "L"
[22:26:54.432]  TNC→FBB  ch=2  PARAM  "0 0 0 0 0 0 -"
[22:26:54.436]  FBB→TNC  ch=3  STATS  "L"
[22:26:54.461]  TNC→FBB  ch=3  PARAM  "0 0 0 0 0 0 -"
[22:26:54.463]  FBB→TNC  ch=4  STATS  "L"
[22:26:54.488]  TNC→FBB  ch=4  PARAM  "0 0 0 0 0 0 -"
[22:26:54.488]  FBB→TNC  ch=0  STATS  "L"
[22:26:54.540]  TNC→FBB  ch=0  PARAM  "0 0 0 0 0 0 -"
[22:26:54.541]  FBB→TNC  ch=1  STATS  "L"
[22:26:54.572]  TNC→FBB  ch=1  PARAM  "0 0 0 0 0 1 NL1MVV"
[22:26:54.574]  FBB→TNC  ch=2  STATS  "L"
[22:26:54.599]  TNC→FBB  ch=2  PARAM  "0 0 0 0 0 0 -"
[22:26:54.599]  FBB→TNC  ch=3  STATS  "L"
[22:26:54.625]  TNC→FBB  ch=3  PARAM  "0 0 0 0 0 0 -"
[22:26:54.627]  FBB→TNC  ch=4  STATS  "L"
[22:26:54.652]  TNC→FBB  ch=4  PARAM  "0 0 0 0 0 0 -"
[22:26:54.652]  FBB→TNC  ch=0  STATS  "L"
[22:26:54.677]  TNC→FBB  ch=0  PARAM  "0 0 0 0 0 0 -"
[22:26:54.678]  FBB→TNC  ch=1  STATS  "L"
[22:26:54.708]  TNC→FBB  ch=1  PARAM  "0 0 0 0 0 1 NL1MVV"
[22:26:54.710]  FBB→TNC  ch=2  STATS  "L"
[22:26:54.739]  TNC→FBB  ch=2  PARAM  "0 0 0 0 0 0 -"
[22:26:54.740]  FBB→TNC  ch=3  STATS  "L"
[22:26:54.766]  TNC→FBB  ch=3  PARAM  "0 0 0 0 0 0 -"
[22:26:54.767]  FBB→TNC  ch=4  STATS  "L"
[22:26:54.792]  TNC→FBB  ch=4  PARAM  "0 0 0 0 0 0 -"
[22:26:54.792]  FBB→TNC  ch=0  STATS  "L"
[22:26:54.817]  TNC→FBB  ch=0  PARAM  "0 0 0 0 0 0 -"
[22:26:54.818]  FBB→TNC  ch=1  STATS  "L"
[22:26:54.849]  TNC→FBB  ch=1  PARAM  "0 0 0 0 0 1 NL1MVV"
[22:26:54.852]  FBB→TNC  ch=2  STATS  "L"
[22:26:54.877]  TNC→FBB  ch=2  PARAM  "0 0 0 0 0 0 -"
[22:26:54.879]  FBB→TNC  ch=3  STATS  "L"
[22:26:54.905]  TNC→FBB  ch=3  PARAM  "0 0 0 0 0 0 -"
[22:26:54.905]  FBB→TNC  ch=4  STATS  "L"
[22:26:54.931]  TNC→FBB  ch=4  PARAM  "0 0 0 0 0 0 -"
[22:26:54.933]  FBB→TNC  ch=0  STATS  "L"
[22:26:54.959]  TNC→FBB  ch=0  PARAM  "0 0 0 0 0 0 -"
[22:26:54.959]  FBB→TNC  ch=1  STATS  "L"
[22:26:54.991]  TNC→FBB  ch=1  PARAM  "0 0 0 0 0 1 NL1MVV"
[22:26:54.991]  FBB→TNC  ch=2  STATS  "L"
[22:26:55.016]  TNC→FBB  ch=2  PARAM  "0 0 0 0 0 0 -"
[22:26:55.018]  FBB→TNC  ch=3  STATS  "L"
[22:26:55.043]  TNC→FBB  ch=3  PARAM  "0 0 0 0 0 0 -"
[22:26:55.044]  FBB→TNC  ch=4  STATS  "L"
[22:26:55.069]  TNC→FBB  ch=4  PARAM  "0 0 0 0 0 0 -"
[22:26:55.069]  FBB→TNC  ch=0  STATS  "L"
[22:26:55.097]  TNC→FBB  ch=0  PARAM  "0 0 0 0 0 0 -"
[22:26:55.097]  FBB→TNC  ch=1  STATS  "L"
[22:26:55.127]  TNC→FBB  ch=1  PARAM  "0 0 0 0 0 1 NL1MVV"
[22:26:55.128]  FBB→TNC  ch=2  STATS  "L"
[22:26:55.153]  TNC→FBB  ch=2  PARAM  "0 0 0 0 0 0 -"
[22:26:55.155]  FBB→TNC  ch=3  STATS  "L"
[22:26:55.179]  TNC→FBB  ch=3  PARAM  "0 0 0 0 0 0 -"
[22:26:55.180]  FBB→TNC  ch=4  STATS  "L"
[22:26:55.205]  TNC→FBB  ch=4  PARAM  "0 0 0 0 0 0 -"
[22:26:55.205]  FBB→TNC  ch=0  STATS  "L"
[22:26:55.230]  TNC→FBB  ch=0  PARAM  "0 0 0 0 0 0 -"
[22:26:55.232]  FBB→TNC  ch=1  STATS  "L"
[22:26:55.261]  TNC→FBB  ch=1  PARAM  "0 0 0 0 0 1 NL1MVV"
[22:26:55.263]  FBB→TNC  ch=2  STATS  "L"
[22:26:55.288]  TNC→FBB  ch=2  PARAM  "0 0 0 0 0 0 -"
[22:26:55.288]  FBB→TNC  ch=3  STATS  "L"
[22:26:55.313]  TNC→FBB  ch=3  PARAM  "0 0 0 0 0 0 -"
[22:26:55.313]  FBB→TNC  ch=4  STATS  "L"
[22:26:55.341]  TNC→FBB  ch=4  PARAM  "0 0 0 0 0 0 -"
[22:26:55.341]  FBB→TNC  ch=0  STATS  "L"
[22:26:55.366]  TNC→FBB  ch=0  PARAM  "0 0 0 0 0 0 -"
[22:26:55.367]  FBB→TNC  ch=1  STATS  "L"
[22:26:55.397]  TNC→FBB  ch=1  PARAM  "0 0 0 0 0 1 NL1MVV"
[22:26:55.399]  FBB→TNC  ch=2  STATS  "L"
[22:26:55.424]  TNC→FBB  ch=2  PARAM  "0 0 0 0 0 0 -"
[22:26:55.424]  FBB→TNC  ch=3  STATS  "L"
[22:26:55.449]  TNC→FBB  ch=3  PARAM  "0 0 0 0 0 0 -"
[22:26:55.450]  FBB→TNC  ch=4  STATS  "L"
[22:26:55.478]  TNC→FBB  ch=4  PARAM  "0 0 0 0 0 0 -"
[22:26:55.480]  FBB→TNC  ch=0  STATS  "L"
[22:26:55.540]  TNC→FBB  ch=0  PARAM  "0 0 0 0 0 0 -"
[22:26:55.541]  FBB→TNC  ch=1  STATS  "L"
[22:26:55.571]  TNC→FBB  ch=1  PARAM  "0 0 0 0 0 1 NL1MVV"
[22:26:55.573]  FBB→TNC  ch=1  FREEBUF  "@B"
[22:26:55.590]  TNC→FBB  ch=1  PARAM  "840"
[22:26:55.590]  FBB→TNC  ch=2  STATS  "L"
[22:26:55.615]  TNC→FBB  ch=2  PARAM  "0 0 0 0 0 0 -"
[22:26:55.616]  FBB→TNC  ch=3  STATS  "L"
[22:26:55.641]  TNC→FBB  ch=3  PARAM  "0 0 0 0 0 0 -"
[22:26:55.643]  FBB→TNC  ch=4  STATS  "L"
[22:26:55.668]  TNC→FBB  ch=4  PARAM  "0 0 0 0 0 0 -"
[22:26:55.668]  FBB→TNC  ch=0  STATS  "L"
[22:26:55.693]  TNC→FBB  ch=0  PARAM  "0 0 0 0 0 0 -"
[22:26:55.693]  FBB→TNC  ch=1  STATS  "L"
[22:26:55.723]  TNC→FBB  ch=1  PARAM  "0 0 0 0 0 1 NL1MVV"
[22:26:55.723]  FBB→TNC  ch=2  STATS  "L"
[22:26:55.749]  TNC→FBB  ch=2  PARAM  "0 0 0 0 0 0 -"
[22:26:55.750]  FBB→TNC  ch=3  STATS  "L"
[22:26:55.777]  TNC→FBB  ch=3  PARAM  "0 0 0 0 0 0 -"
[22:26:55.778]  FBB→TNC  ch=4  STATS  "L"
[22:26:55.803]  TNC→FBB  ch=4  PARAM  "0 0 0 0 0 0 -"
[22:26:55.803]  FBB→TNC  ch=0  STATS  "L"
[22:26:55.829]  TNC→FBB  ch=0  PARAM  "0 0 0 0 0 0 -"
[22:26:55.832]  FBB→TNC  ch=1  STATS  "L"
[22:26:55.862]  TNC→FBB  ch=1  PARAM  "0 0 0 0 0 1 NL1MVV"
[22:26:55.864]  FBB→TNC  ch=2  STATS  "L"
[22:26:55.890]  TNC→FBB  ch=2  PARAM  "0 0 0 0 0 0 -"
[22:26:55.891]  FBB→TNC  ch=3  STATS  "L"
[22:26:55.916]  TNC→FBB  ch=3  PARAM  "0 0 0 0 0 0 -"
[22:26:55.917]  FBB→TNC  ch=4  STATS  "L"
[22:26:55.942]  TNC→FBB  ch=4  PARAM  "0 0 0 0 0 0 -"
[22:26:55.947]  FBB→TNC  ch=0  STATS  "L"
[22:26:55.973]  TNC→FBB  ch=0  PARAM  "0 0 0 0 0 0 -"
[22:26:55.973]  FBB→TNC  ch=1  STATS  "L"
[22:26:56.004]  TNC→FBB  ch=1  PARAM  "0 0 0 0 0 1 NL1MVV"
[22:26:56.009]  FBB→TNC  ch=2  STATS  "L"
[22:26:56.035]  TNC→FBB  ch=2  PARAM  "0 0 0 0 0 0 -"
[22:26:56.038]  FBB→TNC  ch=3  STATS  "L"
[22:26:56.065]  TNC→FBB  ch=3  PARAM  "0 0 0 0 0 0 -"
[22:26:56.066]  FBB→TNC  ch=4  STATS  "L"
[22:26:56.091]  TNC→FBB  ch=4  PARAM  "0 0 0 0 0 0 -"
[22:26:56.092]  FBB→TNC  ch=0  STATS  "L"
[22:26:56.117]  TNC→FBB  ch=0  PARAM  "0 0 0 0 0 0 -"
[22:26:56.121]  FBB→TNC  ch=1  STATS  "L"
[22:26:56.151]  TNC→FBB  ch=1  PARAM  "0 0 0 0 0 1 NL1MVV"
[22:26:56.152]  FBB→TNC  ch=2  STATS  "L"
[22:26:56.177]  TNC→FBB  ch=2  PARAM  "0 0 0 0 0 0 -"
[22:26:56.179]  FBB→TNC  ch=3  STATS  "L"
[22:26:56.204]  TNC→FBB  ch=3  PARAM  "0 0 0 0 0 0 -"
[22:26:56.206]  FBB→TNC  ch=4  STATS  "L"
[22:26:56.232]  TNC→FBB  ch=4  PARAM  "0 0 0 0 0 0 -"
[22:26:56.235]  FBB→TNC  ch=0  STATS  "L"
[22:26:56.261]  TNC→FBB  ch=0  PARAM  "0 0 0 0 0 0 -"
[22:26:56.261]  FBB→TNC  ch=1  STATS  "L"
[22:26:56.291]  TNC→FBB  ch=1  PARAM  "0 0 0 0 0 1 NL1MVV"
[22:26:56.292]  FBB→TNC  ch=2  STATS  "L"
[22:26:56.317]  TNC→FBB  ch=2  PARAM  "0 0 0 0 0 0 -"
[22:26:56.318]  FBB→TNC  ch=3  STATS  "L"
[22:26:56.344]  TNC→FBB  ch=3  PARAM  "0 0 0 0 0 0 -"
[22:26:56.345]  FBB→TNC  ch=4  STATS  "L"
[22:26:56.370]  TNC→FBB  ch=4  PARAM  "0 0 0 0 0 0 -"
[22:26:56.371]  FBB→TNC  ch=0  STATS  "L"
[22:26:56.399]  TNC→FBB  ch=0  PARAM  "0 0 0 0 0 0 -"
[22:26:56.399]  FBB→TNC  ch=1  STATS  "L"
[22:26:56.430]  TNC→FBB  ch=1  PARAM  "0 0 0 0 0 1 NL1MVV"
[22:26:56.434]  FBB→TNC  ch=2  STATS  "L"
[22:26:56.459]  TNC→FBB  ch=2  PARAM  "0 0 0 0 0 0 -"
[22:26:56.459]  FBB→TNC  ch=3  STATS  "L"
[22:26:56.485]  TNC→FBB  ch=3  PARAM  "0 0 0 0 0 0 -"
[22:26:56.486]  FBB→TNC  ch=4  STATS  "L"
[22:26:56.543]  TNC→FBB  ch=4  PARAM  "0 0 0 0 0 0 -"
[22:26:56.543]  FBB→TNC  ch=0  STATS  "L"
[22:26:56.569]  TNC→FBB  ch=0  PARAM  "0 0 0 0 0 0 -"
[22:26:56.570]  FBB→TNC  ch=1  STATS  "L"
[22:26:56.601]  TNC→FBB  ch=1  PARAM  "0 0 0 0 0 1 NL1MVV"
[22:26:56.601]  FBB→TNC  ch=2  STATS  "L"
[22:26:56.626]  TNC→FBB  ch=2  PARAM  "0 0 0 0 0 0 -"
[22:26:56.630]  FBB→TNC  ch=3  STATS  "L"
[22:26:56.656]  TNC→FBB  ch=3  PARAM  "0 0 0 0 0 0 -"
[22:26:56.656]  FBB→TNC  ch=4  STATS  "L"
[22:26:56.681]  TNC→FBB  ch=4  PARAM  "0 0 0 0 0 0 -"
[22:26:56.682]  FBB→TNC  ch=0  STATS  "L"
[22:26:56.708]  TNC→FBB  ch=0  PARAM  "0 0 0 0 0 0 -"
[22:26:56.708]  FBB→TNC  ch=1  STATS  "L"
[22:26:56.739]  TNC→FBB  ch=1  PARAM  "0 0 0 0 0 1 NL1MVV"
[22:26:56.739]  FBB→TNC  ch=2  STATS  "L"
[22:26:56.765]  TNC→FBB  ch=2  PARAM  "0 0 0 0 0 0 -"
[22:26:56.768]  FBB→TNC  ch=3  STATS  "L"
[22:26:56.793]  TNC→FBB  ch=3  PARAM  "0 0 0 0 0 0 -"
[22:26:56.798]  FBB→TNC  ch=4  STATS  "L"
[22:26:56.823]  TNC→FBB  ch=4  PARAM  "0 0 0 0 0 0 -"
[22:26:56.824]  FBB→TNC  ch=0  STATS  "L"
[22:26:56.849]  TNC→FBB  ch=0  PARAM  "0 0 0 0 0 0 -"
[22:26:56.849]  FBB→TNC  ch=1  STATS  "L"
[22:26:56.879]  TNC→FBB  ch=1  PARAM  "0 0 0 0 0 1 NL1MVV"
[22:26:56.880]  FBB→TNC  ch=2  STATS  "L"
[22:26:56.906]  TNC→FBB  ch=2  PARAM  "0 0 0 0 0 0 -"
[22:26:56.908]  FBB→TNC  ch=3  STATS  "L"
[22:26:56.933]  TNC→FBB  ch=3  PARAM  "0 0 0 0 0 0 -"
[22:26:56.934]  FBB→TNC  ch=4  STATS  "L"
[22:26:56.960]  TNC→FBB  ch=4  PARAM  "0 0 0 0 0 0 -"
[22:26:56.961]  FBB→TNC  ch=0  STATS  "L"
[22:26:56.987]  TNC→FBB  ch=0  PARAM  "0 0 0 0 0 0 -"
[22:26:56.988]  FBB→TNC  ch=1  STATS  "L"
[22:26:57.018]  TNC→FBB  ch=1  PARAM  "0 0 0 0 0 1 NL1MVV"
[22:26:57.019]  FBB→TNC  ch=1  FREEBUF  "@B"
[22:26:57.036]  TNC→FBB  ch=1  PARAM  "840"
[22:26:57.041]  FBB→TNC  ch=2  STATS  "L"
[22:26:57.067]  TNC→FBB  ch=2  PARAM  "0 0 0 0 0 0 -"
[22:26:57.067]  FBB→TNC  ch=3  STATS  "L"
[22:26:57.093]  TNC→FBB  ch=3  PARAM  "0 0 0 0 0 0 -"
[22:26:57.094]  FBB→TNC  ch=4  STATS  "L"
[22:26:57.120]  TNC→FBB  ch=4  PARAM  "0 0 0 0 0 0 -"
[22:26:57.121]  FBB→TNC  ch=0  STATS  "L"
[22:26:57.146]  TNC→FBB  ch=0  PARAM  "0 0 0 0 0 0 -"
[22:26:57.148]  FBB→TNC  ch=1  STATS  "L"
[22:26:57.181]  TNC→FBB  ch=1  PARAM  "0 0 0 0 0 1 NL1MVV"
[22:26:57.183]  FBB→TNC  ch=2  STATS  "L"
[22:26:57.209]  TNC→FBB  ch=2  PARAM  "0 0 0 0 0 0 -"
[22:26:57.210]  FBB→TNC  ch=3  STATS  "L"
[22:26:57.235]  TNC→FBB  ch=3  PARAM  "0 0 0 0 0 0 -"
[22:26:57.238]  FBB→TNC  ch=4  STATS  "L"
[22:26:57.264]  TNC→FBB  ch=4  PARAM  "0 0 0 0 0 0 -"
[22:26:57.265]  FBB→TNC  ch=0  STATS  "L"
[22:26:57.291]  TNC→FBB  ch=0  PARAM  "0 0 0 0 0 0 -"
[22:26:57.291]  FBB→TNC  ch=1  STATS  "L"
[22:26:57.321]  TNC→FBB  ch=1  PARAM  "0 0 0 0 0 1 NL1MVV"
[22:26:57.324]  FBB→TNC  ch=2  STATS  "L"
[22:26:57.351]  TNC→FBB  ch=2  PARAM  "0 0 0 0 0 0 -"
[22:26:57.352]  FBB→TNC  ch=3  STATS  "L"
[22:26:57.377]  TNC→FBB  ch=3  PARAM  "0 0 0 0 0 0 -"
[22:26:57.378]  FBB→TNC  ch=4  STATS  "L"
[22:26:57.403]  TNC→FBB  ch=4  PARAM  "0 0 0 0 0 0 -"
[22:26:57.403]  FBB→TNC  ch=0  STATS  "L"
[22:26:57.429]  TNC→FBB  ch=0  PARAM  "0 0 0 0 0 0 -"
[22:26:57.429]  FBB→TNC  ch=1  STATS  "L"
[22:26:57.461]  TNC→FBB  ch=1  PARAM  "0 0 0 0 0 1 NL1MVV"
[22:26:57.463]  FBB→TNC  ch=2  STATS  "L"
[22:26:57.489]  TNC→FBB  ch=2  PARAM  "0 0 0 0 0 0 -"
[22:26:57.489]  FBB→TNC  ch=3  STATS  "L"
[22:26:57.540]  TNC→FBB  ch=3  PARAM  "0 0 0 0 0 0 -"
[22:26:57.542]  FBB→TNC  ch=4  STATS  "L"
[22:26:57.570]  TNC→FBB  ch=4  PARAM  "0 0 0 0 0 0 -"
[22:26:57.572]  FBB→TNC  ch=0  STATS  "L"
[22:26:57.597]  TNC→FBB  ch=0  PARAM  "0 0 0 0 0 0 -"
[22:26:57.597]  FBB→TNC  ch=1  STATS  "L"
[22:26:57.628]  TNC→FBB  ch=1  PARAM  "0 0 0 0 0 1 NL1MVV"
[22:26:57.629]  FBB→TNC  ch=2  STATS  "L"
[22:26:57.654]  TNC→FBB  ch=2  PARAM  "0 0 0 0 0 0 -"
[22:26:57.654]  FBB→TNC  ch=3  STATS  "L"
[22:26:57.680]  TNC→FBB  ch=3  PARAM  "0 0 0 0 0 0 -"
[22:26:57.681]  FBB→TNC  ch=4  STATS  "L"
[22:26:57.706]  TNC→FBB  ch=4  PARAM  "0 0 0 0 0 0 -"
[22:26:57.707]  FBB→TNC  ch=0  STATS  "L"
[22:26:57.733]  TNC→FBB  ch=0  PARAM  "0 0 0 0 0 0 -"
[22:26:57.736]  FBB→TNC  ch=1  STATS  "L"
[22:26:57.767]  TNC→FBB  ch=1  PARAM  "0 0 0 0 0 1 NL1MVV"
[22:26:57.770]  FBB→TNC  ch=2  STATS  "L"
[22:26:57.795]  TNC→FBB  ch=2  PARAM  "0 0 0 0 0 0 -"
[22:26:57.795]  FBB→TNC  ch=3  STATS  "L"
[22:26:57.820]  TNC→FBB  ch=3  PARAM  "0 0 0 0 0 0 -"
[22:26:57.822]  FBB→TNC  ch=4  STATS  "L"
[22:26:57.846]  TNC→FBB  ch=4  PARAM  "0 0 0 0 0 0 -"
[22:26:57.847]  FBB→TNC  ch=0  STATS  "L"
[22:26:57.872]  TNC→FBB  ch=0  PARAM  "0 0 0 0 0 0 -"
[22:26:57.877]  FBB→TNC  ch=1  STATS  "L"
[22:26:57.907]  TNC→FBB  ch=1  PARAM  "0 0 0 0 0 1 NL1MVV"
[22:26:57.908]  FBB→TNC  ch=2  STATS  "L"
[22:26:57.933]  TNC→FBB  ch=2  PARAM  "0 0 0 0 0 0 -"
[22:26:57.934]  FBB→TNC  ch=3  STATS  "L"
[22:26:57.960]  TNC→FBB  ch=3  PARAM  "0 0 0 0 0 0 -"
[22:26:57.960]  FBB→TNC  ch=4  STATS  "L"
[22:26:57.985]  TNC→FBB  ch=4  PARAM  "0 0 0 0 0 0 -"
[22:26:57.985]  FBB→TNC  ch=0  STATS  "L"
[22:26:58.010]  TNC→FBB  ch=0  PARAM  "0 0 0 0 0 0 -"
[22:26:58.013]  FBB→TNC  ch=1  STATS  "L"
[22:26:58.044]  TNC→FBB  ch=1  PARAM  "0 0 0 0 0 1 NL1MVV"
[22:26:58.045]  FBB→TNC  ch=2  STATS  "L"
[22:26:58.069]  TNC→FBB  ch=2  PARAM  "0 0 0 0 0 0 -"
[22:26:58.070]  FBB→TNC  ch=3  STATS  "L"
[22:26:58.096]  TNC→FBB  ch=3  PARAM  "0 0 0 0 0 0 -"
[22:26:58.097]  FBB→TNC  ch=4  STATS  "L"
[22:26:58.122]  TNC→FBB  ch=4  PARAM  "0 0 0 0 0 0 -"
[22:26:58.123]  FBB→TNC  ch=0  STATS  "L"
[22:26:58.148]  TNC→FBB  ch=0  PARAM  "0 0 0 0 0 0 -"
[22:26:58.148]  FBB→TNC  ch=1  STATS  "L"
[22:26:58.179]  TNC→FBB  ch=1  PARAM  "0 0 0 0 0 1 NL1MVV"
[22:26:58.183]  FBB→TNC  ch=2  STATS  "L"
[22:26:58.208]  TNC→FBB  ch=2  PARAM  "0 0 0 0 0 0 -"
[22:26:58.209]  FBB→TNC  ch=3  STATS  "L"
[22:26:58.234]  TNC→FBB  ch=3  PARAM  "0 0 0 0 0 0 -"
[22:26:58.234]  FBB→TNC  ch=4  STATS  "L"
[22:26:58.260]  TNC→FBB  ch=4  PARAM  "0 0 0 0 0 0 -"
[22:26:58.260]  FBB→TNC  ch=0  STATS  "L"
[22:26:58.285]  TNC→FBB  ch=0  PARAM  "0 0 0 0 0 0 -"
[22:26:58.286]  FBB→TNC  ch=1  STATS  "L"
[22:26:58.315]  TNC→FBB  ch=1  PARAM  "0 0 0 0 0 1 NL1MVV"
[22:26:58.316]  FBB→TNC  ch=2  STATS  "L"
[22:26:58.341]  TNC→FBB  ch=2  PARAM  "0 0 0 0 0 0 -"
[22:26:58.341]  FBB→TNC  ch=3  STATS  "L"
[22:26:58.367]  TNC→FBB  ch=3  PARAM  "0 0 0 0 0 0 -"
[22:26:58.368]  FBB→TNC  ch=4  STATS  "L"
[22:26:58.394]  TNC→FBB  ch=4  PARAM  "0 0 0 0 0 0 -"
[22:26:58.395]  FBB→TNC  ch=0  STATS  "L"
[22:26:58.419]  TNC→FBB  ch=0  PARAM  "0 0 0 0 0 0 -"
[22:26:58.420]  FBB→TNC  ch=1  STATS  "L"
[22:26:58.450]  TNC→FBB  ch=1  PARAM  "0 0 0 0 0 1 NL1MVV"
[22:26:58.450]  FBB→TNC  ch=1  FREEBUF  "@B"
[22:26:58.466]  TNC→FBB  ch=1  PARAM  "840"
[22:26:58.467]  FBB→TNC  ch=2  STATS  "L"
[22:26:58.493]  TNC→FBB  ch=2  PARAM  "0 0 0 0 0 0 -"
[22:26:58.493]  FBB→TNC  ch=3  STATS  "L"
[22:26:58.540]  TNC→FBB  ch=3  PARAM  "0 0 0 0 0 0 -"
[22:26:58.541]  FBB→TNC  ch=4  STATS  "L"
[22:26:58.566]  TNC→FBB  ch=4  PARAM  "0 0 0 0 0 0 -"
[22:26:58.566]  FBB→TNC  ch=0  STATS  "L"
[22:26:58.592]  TNC→FBB  ch=0  PARAM  "0 0 0 0 0 0 -"
[22:26:58.594]  FBB→TNC  ch=1  STATS  "L"
[22:26:58.625]  TNC→FBB  ch=1  PARAM  "0 0 0 0 0 1 NL1MVV"
[22:26:58.625]  FBB→TNC  ch=2  STATS  "L"
[22:26:58.650]  TNC→FBB  ch=2  PARAM  "0 0 0 0 0 0 -"
[22:26:58.651]  FBB→TNC  ch=3  STATS  "L"
[22:26:58.676]  TNC→FBB  ch=3  PARAM  "0 0 0 0 0 0 -"
[22:26:58.677]  FBB→TNC  ch=4  STATS  "L"
[22:26:58.702]  TNC→FBB  ch=4  PARAM  "0 0 0 0 0 0 -"
[22:26:58.702]  FBB→TNC  ch=0  STATS  "L"
[22:26:58.727]  TNC→FBB  ch=0  PARAM  "0 0 0 0 0 0 -"
[22:26:58.730]  FBB→TNC  ch=1  STATS  "L"
[22:26:58.760]  TNC→FBB  ch=1  PARAM  "0 0 0 0 0 1 NL1MVV"
[22:26:58.761]  FBB→TNC  ch=2  STATS  "L"
[22:26:58.786]  TNC→FBB  ch=2  PARAM  "0 0 0 0 0 0 -"
[22:26:58.786]  FBB→TNC  ch=3  STATS  "L"
[22:26:58.812]  TNC→FBB  ch=3  PARAM  "0 0 0 0 0 0 -"
[22:26:58.812]  FBB→TNC  ch=4  STATS  "L"
[22:26:58.837]  TNC→FBB  ch=4  PARAM  "0 0 0 0 0 0 -"
[22:26:58.837]  FBB→TNC  ch=0  STATS  "L"
[22:26:58.862]  TNC→FBB  ch=0  PARAM  "0 0 0 0 0 0 -"
[22:26:58.865]  FBB→TNC  ch=1  STATS  "L"
[22:26:58.896]  TNC→FBB  ch=1  PARAM  "0 0 0 0 0 1 NL1MVV"
[22:26:58.899]  FBB→TNC  ch=2  STATS  "L"
[22:26:58.924]  TNC→FBB  ch=2  PARAM  "0 0 0 0 0 0 -"
[22:26:58.928]  FBB→TNC  ch=3  STATS  "L"
[22:26:58.953]  TNC→FBB  ch=3  PARAM  "0 0 0 0 0 0 -"
[22:26:58.954]  FBB→TNC  ch=4  STATS  "L"
[22:26:58.979]  TNC→FBB  ch=4  PARAM  "0 0 0 0 0 0 -"
[22:26:58.980]  FBB→TNC  ch=0  STATS  "L"
[22:26:59.005]  TNC→FBB  ch=0  PARAM  "0 0 0 0 0 0 -"
[22:26:59.006]  FBB→TNC  ch=1  STATS  "L"
[22:26:59.037]  TNC→FBB  ch=1  PARAM  "0 0 0 0 0 1 NL1MVV"
[22:26:59.037]  FBB→TNC  ch=2  STATS  "L"
[22:26:59.063]  TNC→FBB  ch=2  PARAM  "0 0 0 0 0 0 -"
[22:26:59.067]  FBB→TNC  ch=3  STATS  "L"
[22:26:59.093]  TNC→FBB  ch=3  PARAM  "0 0 0 0 0 0 -"
[22:26:59.095]  FBB→TNC  ch=4  STATS  "L"
[22:26:59.120]  TNC→FBB  ch=4  PARAM  "0 0 0 0 0 0 -"
[22:26:59.125]  FBB→TNC  ch=0  STATS  "L"
[22:26:59.150]  TNC→FBB  ch=0  PARAM  "0 0 0 0 0 0 -"
[22:26:59.151]  FBB→TNC  ch=1  STATS  "L"
[22:26:59.181]  TNC→FBB  ch=1  PARAM  "0 0 0 0 0 1 NL1MVV"
[22:26:59.181]  FBB→TNC  ch=2  STATS  "L"
[22:26:59.206]  TNC→FBB  ch=2  PARAM  "0 0 0 0 0 0 -"
[22:26:59.207]  FBB→TNC  ch=3  STATS  "L"
[22:26:59.232]  TNC→FBB  ch=3  PARAM  "0 0 0 0 0 0 -"
[22:26:59.233]  FBB→TNC  ch=4  STATS  "L"
[22:26:59.258]  TNC→FBB  ch=4  PARAM  "0 0 0 0 0 0 -"
[22:26:59.262]  FBB→TNC  ch=0  STATS  "L"
[22:26:59.288]  TNC→FBB  ch=0  PARAM  "0 0 0 0 0 0 -"
[22:26:59.288]  FBB→TNC  ch=1  STATS  "L"
[22:26:59.318]  TNC→FBB  ch=1  PARAM  "0 0 0 0 0 1 NL1MVV"
[22:26:59.319]  FBB→TNC  ch=2  STATS  "L"
[22:26:59.344]  TNC→FBB  ch=2  PARAM  "0 0 0 0 0 0 -"
[22:26:59.345]  FBB→TNC  ch=3  STATS  "L"
[22:26:59.371]  TNC→FBB  ch=3  PARAM  "0 0 0 0 0 0 -"
[22:26:59.372]  FBB→TNC  ch=4  STATS  "L"
[22:26:59.398]  TNC→FBB  ch=4  PARAM  "0 0 0 0 0 0 -"
[22:26:59.399]  FBB→TNC  ch=0  STATS  "L"
[22:26:59.424]  TNC→FBB  ch=0  PARAM  "0 0 0 0 0 0 -"
[22:26:59.426]  FBB→TNC  ch=1  STATS  "L"
[22:26:59.455]  TNC→FBB  ch=1  PARAM  "0 0 0 0 0 1 NL1MVV"
[22:26:59.459]  FBB→TNC  ch=2  STATS  "L"
[22:26:59.484]  TNC→FBB  ch=2  PARAM  "0 0 0 0 0 0 -"
[22:26:59.484]  FBB→TNC  ch=3  STATS  "L"
[22:26:59.540]  TNC→FBB  ch=3  PARAM  "0 0 0 0 0 0 -"
[22:26:59.541]  FBB→TNC  ch=4  STATS  "L"
[22:26:59.566]  TNC→FBB  ch=4  PARAM  "0 0 0 0 0 0 -"
[22:26:59.568]  FBB→TNC  ch=0  STATS  "L"
[22:26:59.594]  TNC→FBB  ch=0  PARAM  "0 0 0 0 0 0 -"
[22:26:59.598]  FBB→TNC  ch=1  STATS  "L"
[22:26:59.629]  TNC→FBB  ch=1  PARAM  "0 0 0 0 0 1 NL1MVV"
[22:26:59.630]  FBB→TNC  ch=2  STATS  "L"
[22:26:59.655]  TNC→FBB  ch=2  PARAM  "0 0 0 0 0 0 -"
[22:26:59.658]  FBB→TNC  ch=3  STATS  "L"
[22:26:59.684]  TNC→FBB  ch=3  PARAM  "0 0 0 0 0 0 -"
[22:26:59.684]  FBB→TNC  ch=4  STATS  "L"
[22:26:59.709]  TNC→FBB  ch=4  PARAM  "0 0 0 0 0 0 -"
[22:26:59.710]  FBB→TNC  ch=0  STATS  "L"
[22:26:59.734]  TNC→FBB  ch=0  PARAM  "0 0 0 0 0 0 -"
[22:26:59.735]  FBB→TNC  ch=1  STATS  "L"
[22:26:59.765]  TNC→FBB  ch=1  PARAM  "0 0 0 0 0 1 NL1MVV"
[22:26:59.765]  FBB→TNC  ch=2  STATS  "L"
[22:26:59.790]  TNC→FBB  ch=2  PARAM  "0 0 0 0 0 0 -"
[22:26:59.792]  FBB→TNC  ch=3  STATS  "L"
[22:26:59.817]  TNC→FBB  ch=3  PARAM  "0 0 0 0 0 0 -"
[22:26:59.817]  FBB→TNC  ch=4  STATS  "L"
[22:26:59.843]  TNC→FBB  ch=4  PARAM  "0 0 0 0 0 0 -"
[22:26:59.843]  FBB→TNC  ch=0  STATS  "L"
[22:26:59.868]  TNC→FBB  ch=0  PARAM  "0 0 0 0 0 0 -"
[22:26:59.873]  FBB→TNC  ch=1  STATS  "L"
[22:26:59.903]  TNC→FBB  ch=1  PARAM  "0 0 0 0 0 1 NL1MVV"
[22:26:59.903]  FBB→TNC  ch=1  FREEBUF  "@B"
[22:26:59.919]  TNC→FBB  ch=1  PARAM  "840"
[22:26:59.919]  FBB→TNC  ch=2  STATS  "L"
[22:26:59.944]  TNC→FBB  ch=2  PARAM  "0 0 0 0 0 0 -"
[22:26:59.945]  FBB→TNC  ch=3  STATS  "L"
[22:26:59.970]  TNC→FBB  ch=3  PARAM  "0 0 0 0 0 0 -"
[22:26:59.971]  FBB→TNC  ch=4  STATS  "L"
[22:26:59.997]  TNC→FBB  ch=4  PARAM  "0 0 0 0 0 0 -"
[22:26:59.999]  FBB→TNC  ch=0  STATS  "L"
[22:27:00.024]  TNC→FBB  ch=0  PARAM  "0 0 0 0 0 0 -"
[22:27:00.027]  FBB→TNC  ch=0  CMD  "K 22:27:00"
[22:27:00.053]  TNC→FBB  ch=0  ACK
[22:27:00.055]  FBB→TNC  ch=0  CMD  "K 05/15/26"
[22:27:00.081]  TNC→FBB  ch=0  ACK
[22:27:00.085]  FBB→TNC  ch=1  STATS  "L"
[22:27:00.116]  TNC→FBB  ch=1  PARAM  "0 0 0 0 0 1 NL1MVV"
[22:27:00.118]  FBB→TNC  ch=2  STATS  "L"
[22:27:00.144]  TNC→FBB  ch=2  PARAM  "0 0 0 0 0 0 -"
[22:27:00.144]  FBB→TNC  ch=3  STATS  "L"
[22:27:00.169]  TNC→FBB  ch=3  PARAM  "0 0 0 0 0 0 -"
[22:27:00.170]  FBB→TNC  ch=4  STATS  "L"
[22:27:00.195]  TNC→FBB  ch=4  PARAM  "0 0 0 0 0 0 -"
[22:27:00.196]  FBB→TNC  ch=0  STATS  "L"
[22:27:00.221]  TNC→FBB  ch=0  PARAM  "0 0 0 0 0 0 -"
[22:27:00.223]  FBB→TNC  ch=1  STATS  "L"
[22:27:00.254]  TNC→FBB  ch=1  PARAM  "0 0 0 0 0 1 NL1MVV"
[22:27:00.254]  FBB→TNC  ch=2  STATS  "L"
[22:27:00.279]  TNC→FBB  ch=2  PARAM  "0 0 0 0 0 0 -"
[22:27:00.283]  FBB→TNC  ch=3  STATS  "L"
[22:27:00.308]  TNC→FBB  ch=3  PARAM  "0 0 0 0 0 0 -"
[22:27:00.309]  FBB→TNC  ch=4  STATS  "L"
[22:27:00.334]  TNC→FBB  ch=4  PARAM  "0 0 0 0 0 0 -"
[22:27:00.335]  FBB→TNC  ch=0  STATS  "L"
[22:27:00.360]  TNC→FBB  ch=0  PARAM  "0 0 0 0 0 0 -"
[22:27:00.362]  FBB→TNC  ch=1  STATS  "L"
[22:27:00.392]  TNC→FBB  ch=1  PARAM  "0 0 0 0 0 1 NL1MVV"
[22:27:00.394]  FBB→TNC  ch=2  STATS  "L"
[22:27:00.419]  TNC→FBB  ch=2  PARAM  "0 0 0 0 0 0 -"
[22:27:00.419]  FBB→TNC  ch=3  STATS  "L"
[22:27:00.444]  TNC→FBB  ch=3  PARAM  "0 0 0 0 0 0 -"
[22:27:00.445]  FBB→TNC  ch=4  STATS  "L"
[22:27:00.470]  TNC→FBB  ch=4  PARAM  "0 0 0 0 0 0 -"
[22:27:00.471]  FBB→TNC  ch=0  STATS  "L"
[22:27:00.496]  TNC→FBB  ch=0  PARAM  "0 0 0 0 0 0 -"
[22:27:00.498]  FBB→TNC  ch=1  STATS  "L"
[22:27:00.546]  TNC→FBB  ch=1  PARAM  "0 0 0 0 0 1 NL1MVV"
[22:27:00.547]  FBB→TNC  ch=2  STATS  "L"
[22:27:00.572]  TNC→FBB  ch=2  PARAM  "0 0 0 0 0 0 -"
[22:27:00.572]  FBB→TNC  ch=3  STATS  "L"
[22:27:00.598]  TNC→FBB  ch=3  PARAM  "0 0 0 0 0 0 -"
[22:27:00.598]  FBB→TNC  ch=4  STATS  "L"
[22:27:00.624]  TNC→FBB  ch=4  PARAM  "0 0 0 0 0 0 -"
[22:27:00.624]  FBB→TNC  ch=0  STATS  "L"
[22:27:00.650]  TNC→FBB  ch=0  PARAM  "0 0 0 0 0 0 -"
[22:27:00.650]  FBB→TNC  ch=1  STATS  "L"
[22:27:00.680]  TNC→FBB  ch=1  PARAM  "0 0 0 0 0 1 NL1MVV"
[22:27:00.681]  FBB→TNC  ch=2  STATS  "L"
[22:27:00.711]  TNC→FBB  ch=2  PARAM  "0 0 0 0 0 0 -"
[22:27:00.712]  FBB→TNC  ch=3  STATS  "L"
[22:27:00.736]  TNC→FBB  ch=3  PARAM  "0 0 0 0 0 0 -"
[22:27:00.737]  FBB→TNC  ch=4  STATS  "L"
[22:27:00.765]  TNC→FBB  ch=4  PARAM  "0 0 0 0 0 0 -"
[22:27:00.765]  FBB→TNC  ch=0  STATS  "L"
[22:27:00.790]  TNC→FBB  ch=0  PARAM  "0 0 0 0 0 0 -"
[22:27:00.790]  FBB→TNC  ch=1  STATS  "L"
[22:27:00.821]  TNC→FBB  ch=1  PARAM  "0 0 0 0 0 1 NL1MVV"
[22:27:00.821]  FBB→TNC  ch=2  STATS  "L"
[22:27:00.846]  TNC→FBB  ch=2  PARAM  "0 0 0 0 0 0 -"
[22:27:00.849]  FBB→TNC  ch=3  STATS  "L"
[22:27:00.873]  TNC→FBB  ch=3  PARAM  "0 0 0 0 0 0 -"
[22:27:00.874]  FBB→TNC  ch=4  STATS  "L"
[22:27:00.899]  TNC→FBB  ch=4  PARAM  "0 0 0 0 0 0 -"
[22:27:00.899]  FBB→TNC  ch=0  STATS  "L"
[22:27:00.924]  TNC→FBB  ch=0  PARAM  "0 0 0 0 0 0 -"
[22:27:00.925]  FBB→TNC  ch=1  STATS  "L"
[22:27:00.955]  TNC→FBB  ch=1  PARAM  "0 0 0 0 0 1 NL1MVV"
[22:27:00.955]  FBB→TNC  ch=2  STATS  "L"
[22:27:00.981]  TNC→FBB  ch=2  PARAM  "0 0 0 0 0 0 -"
[22:27:00.982]  FBB→TNC  ch=3  STATS  "L"
[22:27:01.007]  TNC→FBB  ch=3  PARAM  "0 0 0 0 0 0 -"
[22:27:01.007]  FBB→TNC  ch=4  STATS  "L"
[22:27:01.032]  TNC→FBB  ch=4  PARAM  "0 0 0 0 0 0 -"
[22:27:01.032]  FBB→TNC  ch=0  STATS  "L"
[22:27:01.057]  TNC→FBB  ch=0  PARAM  "0 0 0 0 0 0 -"
[22:27:01.057]  FBB→TNC  ch=1  STATS  "L"
[22:27:01.087]  TNC→FBB  ch=1  PARAM  "0 0 0 0 0 1 NL1MVV"
[22:27:01.087]  FBB→TNC  ch=2  STATS  "L"
[22:27:01.113]  TNC→FBB  ch=2  PARAM  "0 0 0 0 0 0 -"
[22:27:01.114]  FBB→TNC  ch=3  STATS  "L"
[22:27:01.139]  TNC→FBB  ch=3  PARAM  "0 0 0 0 0 0 -"
[22:27:01.139]  FBB→TNC  ch=4  STATS  "L"
[22:27:01.166]  TNC→FBB  ch=4  PARAM  "0 0 0 0 0 0 -"
[22:27:01.168]  FBB→TNC  ch=0  STATS  "L"
[22:27:01.194]  TNC→FBB  ch=0  PARAM  "0 0 0 0 0 0 -"
[22:27:01.194]  FBB→TNC  ch=1  STATS  "L"
[22:27:01.225]  TNC→FBB  ch=1  PARAM  "0 0 0 0 0 1 NL1MVV"
[22:27:01.225]  FBB→TNC  ch=2  STATS  "L"
[22:27:01.250]  TNC→FBB  ch=2  PARAM  "0 0 0 0 0 0 -"
[22:27:01.251]  FBB→TNC  ch=3  STATS  "L"
[22:27:01.276]  TNC→FBB  ch=3  PARAM  "0 0 0 0 0 0 -"
[22:27:01.277]  FBB→TNC  ch=4  STATS  "L"
[22:27:01.301]  TNC→FBB  ch=4  PARAM  "0 0 0 0 0 0 -"
[22:27:01.303]  FBB→TNC  ch=0  STATS  "L"
[22:27:01.328]  TNC→FBB  ch=0  PARAM  "0 0 0 0 0 0 -"
[22:27:01.329]  FBB→TNC  ch=1  STATS  "L"
[22:27:01.360]  TNC→FBB  ch=1  PARAM  "0 0 0 0 0 1 NL1MVV"
[22:27:01.365]  FBB→TNC  ch=1  FREEBUF  "@B"
[22:27:01.381]  TNC→FBB  ch=1  PARAM  "840"
[22:27:01.381]  FBB→TNC  ch=2  STATS  "L"
[22:27:01.407]  TNC→FBB  ch=2  PARAM  "0 0 0 0 0 0 -"
[22:27:01.409]  FBB→TNC  ch=3  STATS  "L"
[22:27:01.436]  TNC→FBB  ch=3  PARAM  "0 0 0 0 0 0 -"
[22:27:01.440]  FBB→TNC  ch=4  STATS  "L"
[22:27:01.465]  TNC→FBB  ch=4  PARAM  "0 0 0 0 0 0 -"
[22:27:01.470]  FBB→TNC  ch=0  STATS  "L"
[22:27:01.496]  TNC→FBB  ch=0  PARAM  "0 0 0 0 0 0 -"
[22:27:01.496]  FBB→TNC  ch=1  STATS  "L"
[22:27:01.547]  TNC→FBB  ch=1  PARAM  "0 0 0 0 0 1 NL1MVV"
[22:27:01.547]  FBB→TNC  ch=2  STATS  "L"
[22:27:01.573]  TNC→FBB  ch=2  PARAM  "0 0 0 0 0 0 -"
[22:27:01.574]  FBB→TNC  ch=3  STATS  "L"
[22:27:01.599]  TNC→FBB  ch=3  PARAM  "0 0 0 0 0 0 -"
[22:27:01.600]  FBB→TNC  ch=4  STATS  "L"
[22:27:01.625]  TNC→FBB  ch=4  PARAM  "0 0 0 0 0 0 -"
[22:27:01.626]  FBB→TNC  ch=0  STATS  "L"
[22:27:01.652]  TNC→FBB  ch=0  PARAM  "0 0 0 0 0 0 -"
[22:27:01.655]  FBB→TNC  ch=1  STATS  "L"
[22:27:01.686]  TNC→FBB  ch=1  PARAM  "0 0 0 0 0 1 NL1MVV"
[22:27:01.687]  FBB→TNC  ch=2  STATS  "L"
[22:27:01.712]  TNC→FBB  ch=2  PARAM  "0 0 0 0 0 0 -"
[22:27:01.714]  FBB→TNC  ch=3  STATS  "L"
[22:27:01.740]  TNC→FBB  ch=3  PARAM  "0 0 0 0 0 0 -"
[22:27:01.741]  FBB→TNC  ch=4  STATS  "L"
[22:27:01.767]  TNC→FBB  ch=4  PARAM  "0 0 0 0 0 0 -"
[22:27:01.768]  FBB→TNC  ch=0  STATS  "L"
[22:27:01.794]  TNC→FBB  ch=0  PARAM  "0 0 0 0 0 0 -"
[22:27:01.796]  FBB→TNC  ch=1  STATS  "L"
[22:27:01.828]  TNC→FBB  ch=1  PARAM  "0 0 0 0 0 1 NL1MVV"
[22:27:01.830]  FBB→TNC  ch=2  STATS  "L"
[22:27:01.855]  TNC→FBB  ch=2  PARAM  "0 0 0 0 0 0 -"
[22:27:01.856]  FBB→TNC  ch=3  STATS  "L"
[22:27:01.881]  TNC→FBB  ch=3  PARAM  "0 0 0 0 0 0 -"
[22:27:01.885]  FBB→TNC  ch=4  STATS  "L"
[22:27:01.910]  TNC→FBB  ch=4  PARAM  "0 0 0 0 0 0 -"
[22:27:01.911]  FBB→TNC  ch=0  STATS  "L"
[22:27:01.936]  TNC→FBB  ch=0  PARAM  "0 0 0 0 0 0 -"
[22:27:01.937]  FBB→TNC  ch=1  STATS  "L"
[22:27:01.969]  TNC→FBB  ch=1  PARAM  "0 0 0 0 0 1 NL1MVV"
[22:27:01.971]  FBB→TNC  ch=2  STATS  "L"
[22:27:01.996]  TNC→FBB  ch=2  PARAM  "0 0 0 0 0 0 -"
[22:27:01.997]  FBB→TNC  ch=3  STATS  "L"
[22:27:02.022]  TNC→FBB  ch=3  PARAM  "0 0 0 0 0 0 -"
[22:27:02.023]  FBB→TNC  ch=4  STATS  "L"
[22:27:02.048]  TNC→FBB  ch=4  PARAM  "0 0 0 0 0 0 -"
[22:27:02.049]  FBB→TNC  ch=0  STATS  "L"
[22:27:02.074]  TNC→FBB  ch=0  PARAM  "0 0 0 0 0 0 -"
[22:27:02.075]  FBB→TNC  ch=1  STATS  "L"
[22:27:02.106]  TNC→FBB  ch=1  PARAM  "0 0 0 0 0 1 NL1MVV"
[22:27:02.106]  FBB→TNC  ch=2  STATS  "L"
[22:27:02.131]  TNC→FBB  ch=2  PARAM  "0 0 0 0 0 0 -"
[22:27:02.131]  FBB→TNC  ch=3  STATS  "L"
[22:27:02.157]  TNC→FBB  ch=3  PARAM  "0 0 0 0 0 0 -"
[22:27:02.158]  FBB→TNC  ch=4  STATS  "L"
[22:27:02.183]  TNC→FBB  ch=4  PARAM  "0 0 0 0 0 0 -"
[22:27:02.184]  FBB→TNC  ch=0  STATS  "L"
[22:27:02.209]  TNC→FBB  ch=0  PARAM  "0 0 0 0 0 0 -"
[22:27:02.210]  FBB→TNC  ch=1  STATS  "L"
[22:27:02.241]  TNC→FBB  ch=1  PARAM  "0 0 0 0 0 1 NL1MVV"
[22:27:02.241]  FBB→TNC  ch=2  STATS  "L"
[22:27:02.268]  TNC→FBB  ch=2  PARAM  "0 0 0 0 0 0 -"
[22:27:02.270]  FBB→TNC  ch=3  STATS  "L"
[22:27:02.295]  TNC→FBB  ch=3  PARAM  "0 0 0 0 0 0 -"
[22:27:02.297]  FBB→TNC  ch=4  STATS  "L"
[22:27:02.321]  TNC→FBB  ch=4  PARAM  "0 0 0 0 0 0 -"
[22:27:02.321]  FBB→TNC  ch=0  STATS  "L"
[22:27:02.348]  TNC→FBB  ch=0  PARAM  "0 0 0 0 0 0 -"
[22:27:02.348]  FBB→TNC  ch=1  STATS  "L"
[22:27:02.379]  TNC→FBB  ch=1  PARAM  "0 0 0 0 0 1 NL1MVV"
[22:27:02.379]  FBB→TNC  ch=2  STATS  "L"
[22:27:02.409]  TNC→FBB  ch=2  PARAM  "0 0 0 0 0 0 -"
[22:27:02.409]  FBB→TNC  ch=3  STATS  "L"
[22:27:02.434]  TNC→FBB  ch=3  PARAM  "0 0 0 0 0 0 -"
[22:27:02.435]  FBB→TNC  ch=4  STATS  "L"
[22:27:02.460]  TNC→FBB  ch=4  PARAM  "0 0 0 0 0 0 -"
[22:27:02.463]  FBB→TNC  ch=0  STATS  "L"
[22:27:02.491]  TNC→FBB  ch=0  PARAM  "0 0 0 0 0 0 -"
[22:27:02.494]  FBB→TNC  ch=1  STATS  "L"
[22:27:02.546]  TNC→FBB  ch=1  PARAM  "0 0 0 0 0 1 NL1MVV"
[22:27:02.546]  FBB→TNC  ch=2  STATS  "L"
[22:27:02.571]  TNC→FBB  ch=2  PARAM  "0 0 0 0 0 0 -"
[22:27:02.572]  FBB→TNC  ch=3  STATS  "L"
[22:27:02.598]  TNC→FBB  ch=3  PARAM  "0 0 0 0 0 0 -"
[22:27:02.598]  FBB→TNC  ch=4  STATS  "L"
[22:27:02.623]  TNC→FBB  ch=4  PARAM  "0 0 0 0 0 0 -"
[22:27:02.624]  FBB→TNC  ch=0  STATS  "L"
[22:27:02.649]  TNC→FBB  ch=0  PARAM  "0 0 0 0 0 0 -"
[22:27:02.651]  FBB→TNC  ch=1  STATS  "L"
[22:27:02.680]  TNC→FBB  ch=1  PARAM  "0 0 0 0 0 1 NL1MVV"
[22:27:02.681]  FBB→TNC  ch=2  STATS  "L"
[22:27:02.706]  TNC→FBB  ch=2  PARAM  "0 0 0 0 0 0 -"
[22:27:02.708]  FBB→TNC  ch=3  STATS  "L"
[22:27:02.736]  TNC→FBB  ch=3  PARAM  "0 0 0 0 0 0 -"
[22:27:02.737]  FBB→TNC  ch=4  STATS  "L"
[22:27:02.762]  TNC→FBB  ch=4  PARAM  "0 0 0 0 0 0 -"
[22:27:02.763]  FBB→TNC  ch=0  STATS  "L"
[22:27:02.789]  TNC→FBB  ch=0  PARAM  "0 0 0 0 0 0 -"
[22:27:02.790]  FBB→TNC  ch=1  STATS  "L"
[22:27:02.823]  TNC→FBB  ch=1  PARAM  "0 0 0 0 0 1 NL1MVV"
[22:27:02.823]  FBB→TNC  ch=1  FREEBUF  "@B"
[22:27:02.839]  TNC→FBB  ch=1  PARAM  "840"
[22:27:02.840]  FBB→TNC  ch=2  STATS  "L"
[22:27:02.866]  TNC→FBB  ch=2  PARAM  "0 0 0 0 0 0 -"
[22:27:02.866]  FBB→TNC  ch=3  STATS  "L"
[22:27:02.892]  TNC→FBB  ch=3  PARAM  "0 0 0 0 0 0 -"
[22:27:02.893]  FBB→TNC  ch=4  STATS  "L"
[22:27:02.918]  TNC→FBB  ch=4  PARAM  "0 0 0 0 0 0 -"
[22:27:02.919]  FBB→TNC  ch=0  STATS  "L"
[22:27:02.944]  TNC→FBB  ch=0  PARAM  "0 0 0 0 0 0 -"
[22:27:02.945]  FBB→TNC  ch=1  STATS  "L"
[22:27:02.975]  TNC→FBB  ch=1  PARAM  "0 0 0 0 0 1 NL1MVV"
[22:27:02.976]  FBB→TNC  ch=2  STATS  "L"
[22:27:03.001]  TNC→FBB  ch=2  PARAM  "0 0 0 0 0 0 -"
[22:27:03.004]  FBB→TNC  ch=3  STATS  "L"
[22:27:03.029]  TNC→FBB  ch=3  PARAM  "0 0 0 0 0 0 -"
[22:27:03.029]  FBB→TNC  ch=4  STATS  "L"
[22:27:03.054]  TNC→FBB  ch=4  PARAM  "0 0 0 0 0 0 -"
[22:27:03.059]  FBB→TNC  ch=0  STATS  "L"
[22:27:03.083]  TNC→FBB  ch=0  PARAM  "0 0 0 0 0 0 -"
[22:27:03.084]  FBB→TNC  ch=1  STATS  "L"
[22:27:03.115]  TNC→FBB  ch=1  PARAM  "0 0 0 0 0 1 NL1MVV"
[22:27:03.117]  FBB→TNC  ch=2  STATS  "L"
[22:27:03.143]  TNC→FBB  ch=2  PARAM  "0 0 0 0 0 0 -"
[22:27:03.143]  FBB→TNC  ch=3  STATS  "L"
[22:27:03.169]  TNC→FBB  ch=3  PARAM  "0 0 0 0 0 0 -"
[22:27:03.170]  FBB→TNC  ch=4  STATS  "L"
[22:27:03.195]  TNC→FBB  ch=4  PARAM  "0 0 0 0 0 0 -"
[22:27:03.197]  FBB→TNC  ch=0  STATS  "L"
[22:27:03.222]  TNC→FBB  ch=0  PARAM  "0 0 0 0 0 0 -"
[22:27:03.222]  FBB→TNC  ch=1  STATS  "L"
[22:27:03.253]  TNC→FBB  ch=1  PARAM  "0 0 0 0 0 1 NL1MVV"
[22:27:03.254]  FBB→TNC  ch=2  STATS  "L"
[22:27:03.279]  TNC→FBB  ch=2  PARAM  "0 0 0 0 0 0 -"
[22:27:03.280]  FBB→TNC  ch=3  STATS  "L"
[22:27:03.304]  TNC→FBB  ch=3  PARAM  "0 0 0 0 0 0 -"
[22:27:03.307]  FBB→TNC  ch=4  STATS  "L"
[22:27:03.332]  TNC→FBB  ch=4  PARAM  "0 0 0 0 0 0 -"
[22:27:03.333]  FBB→TNC  ch=0  STATS  "L"
[22:27:03.358]  TNC→FBB  ch=0  PARAM  "0 0 0 0 0 0 -"
[22:27:03.358]  FBB→TNC  ch=1  STATS  "L"
[22:27:03.388]  TNC→FBB  ch=1  PARAM  "0 0 0 0 0 1 NL1MVV"
[22:27:03.388]  FBB→TNC  ch=2  STATS  "L"
[22:27:03.413]  TNC→FBB  ch=2  PARAM  "0 0 0 0 0 0 -"
[22:27:03.415]  FBB→TNC  ch=3  STATS  "L"
[22:27:03.439]  TNC→FBB  ch=3  PARAM  "0 0 0 0 0 0 -"
[22:27:03.441]  FBB→TNC  ch=4  STATS  "L"
[22:27:03.466]  TNC→FBB  ch=4  PARAM  "0 0 0 0 0 0 -"
[22:27:03.466]  FBB→TNC  ch=0  STATS  "L"
[22:27:03.491]  TNC→FBB  ch=0  PARAM  "0 0 0 0 0 0 -"
[22:27:03.492]  FBB→TNC  ch=1  STATS  "L"
[22:27:03.546]  TNC→FBB  ch=1  PARAM  "0 0 0 0 0 1 NL1MVV"
[22:27:03.547]  FBB→TNC  ch=2  STATS  "L"
[22:27:03.572]  TNC→FBB  ch=2  PARAM  "0 0 0 0 0 0 -"
[22:27:03.572]  FBB→TNC  ch=3  STATS  "L"
[22:27:03.598]  TNC→FBB  ch=3  PARAM  "0 0 0 0 0 0 -"
[22:27:03.598]  FBB→TNC  ch=4  STATS  "L"
[22:27:03.624]  TNC→FBB  ch=4  PARAM  "0 0 0 0 0 0 -"
[22:27:03.625]  FBB→TNC  ch=0  STATS  "L"
[22:27:03.650]  TNC→FBB  ch=0  PARAM  "0 0 0 0 0 0 -"
[22:27:03.653]  FBB→TNC  ch=1  STATS  "L"
[22:27:03.683]  TNC→FBB  ch=1  PARAM  "0 0 0 0 0 1 NL1MVV"
[22:27:03.683]  FBB→TNC  ch=2  STATS  "L"
[22:27:03.710]  TNC→FBB  ch=2  PARAM  "0 0 0 0 0 0 -"
[22:27:03.710]  FBB→TNC  ch=3  STATS  "L"
[22:27:03.735]  TNC→FBB  ch=3  PARAM  "0 0 0 0 0 0 -"
[22:27:03.737]  FBB→TNC  ch=4  STATS  "L"
[22:27:03.763]  TNC→FBB  ch=4  PARAM  "0 0 0 0 0 0 -"
[22:27:03.763]  FBB→TNC  ch=0  STATS  "L"
[22:27:03.789]  TNC→FBB  ch=0  PARAM  "0 0 0 0 0 0 -"
[22:27:03.792]  FBB→TNC  ch=1  STATS  "L"
[22:27:03.822]  TNC→FBB  ch=1  PARAM  "0 0 0 0 0 1 NL1MVV"
[22:27:03.823]  FBB→TNC  ch=2  STATS  "L"
[22:27:03.849]  TNC→FBB  ch=2  PARAM  "0 0 0 0 0 0 -"
[22:27:03.849]  FBB→TNC  ch=3  STATS  "L"
[22:27:03.875]  TNC→FBB  ch=3  PARAM  "0 0 0 0 0 0 -"
[22:27:03.875]  FBB→TNC  ch=4  STATS  "L"
[22:27:03.900]  TNC→FBB  ch=4  PARAM  "0 0 0 0 0 0 -"
[22:27:03.901]  FBB→TNC  ch=0  STATS  "L"
[22:27:03.926]  TNC→FBB  ch=0  PARAM  "0 0 0 0 0 0 -"
[22:27:03.930]  FBB→TNC  ch=1  STATS  "L"
[22:27:03.961]  TNC→FBB  ch=1  PARAM  "0 0 0 0 0 1 NL1MVV"
[22:27:03.961]  FBB→TNC  ch=2  STATS  "L"
[22:27:03.987]  TNC→FBB  ch=2  PARAM  "0 0 0 0 0 0 -"
[22:27:03.990]  FBB→TNC  ch=3  STATS  "L"
[22:27:04.017]  TNC→FBB  ch=3  PARAM  "0 0 0 0 0 0 -"
[22:27:04.021]  FBB→TNC  ch=4  STATS  "L"
[22:27:04.047]  TNC→FBB  ch=4  PARAM  "0 0 0 0 0 0 -"
[22:27:04.047]  FBB→TNC  ch=0  STATS  "L"
[22:27:04.072]  TNC→FBB  ch=0  PARAM  "0 0 0 0 0 0 -"
[22:27:04.072]  FBB→TNC  ch=1  STATS  "L"
[22:27:04.104]  TNC→FBB  ch=1  PARAM  "0 0 0 0 0 1 NL1MVV"
[22:27:04.104]  FBB→TNC  ch=2  STATS  "L"
[22:27:04.129]  TNC→FBB  ch=2  PARAM  "0 0 0 0 0 0 -"
[22:27:04.130]  FBB→TNC  ch=3  STATS  "L"
[22:27:04.155]  TNC→FBB  ch=3  PARAM  "0 0 0 0 0 0 -"
[22:27:04.160]  FBB→TNC  ch=4  STATS  "L"
[22:27:04.185]  TNC→FBB  ch=4  PARAM  "0 0 0 0 0 0 -"
[22:27:04.186]  FBB→TNC  ch=0  STATS  "L"
[22:27:04.211]  TNC→FBB  ch=0  PARAM  "0 0 0 0 0 0 -"
[22:27:04.211]  FBB→TNC  ch=1  STATS  "L"
[22:27:04.242]  TNC→FBB  ch=1  PARAM  "0 0 0 0 0 1 NL1MVV"
[22:27:04.242]  FBB→TNC  ch=1  FREEBUF  "@B"
[22:27:04.258]  TNC→FBB  ch=1  PARAM  "840"
[22:27:04.259]  FBB→TNC  ch=2  STATS  "L"
[22:27:04.283]  TNC→FBB  ch=2  PARAM  "0 0 0 0 0 0 -"
[22:27:04.284]  FBB→TNC  ch=3  STATS  "L"
[22:27:04.309]  TNC→FBB  ch=3  PARAM  "0 0 0 0 0 0 -"
[22:27:04.309]  FBB→TNC  ch=4  STATS  "L"
[22:27:04.335]  TNC→FBB  ch=4  PARAM  "0 0 0 0 0 0 -"
[22:27:04.336]  FBB→TNC  ch=0  STATS  "L"
[22:27:04.361]  TNC→FBB  ch=0  PARAM  "0 0 0 0 0 0 -"
[22:27:04.362]  FBB→TNC  ch=1  STATS  "L"
[22:27:04.393]  TNC→FBB  ch=1  PARAM  "0 0 0 0 0 1 NL1MVV"
[22:27:04.393]  FBB→TNC  ch=2  STATS  "L"
[22:27:04.418]  TNC→FBB  ch=2  PARAM  "0 0 0 0 0 0 -"
[22:27:04.419]  FBB→TNC  ch=3  STATS  "L"
[22:27:04.444]  TNC→FBB  ch=3  PARAM  "0 0 0 0 0 0 -"
[22:27:04.444]  FBB→TNC  ch=4  STATS  "L"
[22:27:04.469]  TNC→FBB  ch=4  PARAM  "0 0 0 0 0 0 -"
[22:27:04.470]  FBB→TNC  ch=0  STATS  "L"
[22:27:04.496]  TNC→FBB  ch=0  PARAM  "0 0 0 0 0 0 -"
[22:27:04.496]  FBB→TNC  ch=1  STATS  "L"
[22:27:04.546]  TNC→FBB  ch=1  PARAM  "0 0 0 0 0 1 NL1MVV"
[22:27:04.546]  FBB→TNC  ch=2  STATS  "L"
[22:27:04.571]  TNC→FBB  ch=2  PARAM  "0 0 0 0 0 0 -"
[22:27:04.572]  FBB→TNC  ch=3  STATS  "L"
[22:27:04.597]  TNC→FBB  ch=3  PARAM  "0 0 0 0 0 0 -"
[22:27:04.599]  FBB→TNC  ch=4  STATS  "L"
[22:27:04.628]  TNC→FBB  ch=4  PARAM  "0 0 0 0 0 0 -"
[22:27:04.633]  FBB→TNC  ch=0  STATS  "L"
[22:27:04.658]  TNC→FBB  ch=0  PARAM  "0 0 0 0 0 0 -"
[22:27:04.658]  FBB→TNC  ch=1  STATS  "L"
[22:27:04.689]  TNC→FBB  ch=1  PARAM  "0 0 0 0 0 1 NL1MVV"
[22:27:04.691]  FBB→TNC  ch=2  STATS  "L"
[22:27:04.715]  TNC→FBB  ch=2  PARAM  "0 0 0 0 0 0 -"
[22:27:04.716]  FBB→TNC  ch=3  STATS  "L"
[22:27:04.741]  TNC→FBB  ch=3  PARAM  "0 0 0 0 0 0 -"
[22:27:04.741]  FBB→TNC  ch=4  STATS  "L"
[22:27:04.767]  TNC→FBB  ch=4  PARAM  "0 0 0 0 0 0 -"
[22:27:04.770]  FBB→TNC  ch=0  STATS  "L"
[22:27:04.796]  TNC→FBB  ch=0  PARAM  "0 0 0 0 0 0 -"
[22:27:04.796]  FBB→TNC  ch=1  STATS  "L"
[22:27:04.826]  TNC→FBB  ch=1  PARAM  "0 0 0 0 0 1 NL1MVV"
[22:27:04.827]  FBB→TNC  ch=2  STATS  "L"
[22:27:04.852]  TNC→FBB  ch=2  PARAM  "0 0 0 0 0 0 -"
[22:27:04.852]  FBB→TNC  ch=3  STATS  "L"
[22:27:04.878]  TNC→FBB  ch=3  PARAM  "0 0 0 0 0 0 -"
[22:27:04.878]  FBB→TNC  ch=4  STATS  "L"
[22:27:04.903]  TNC→FBB  ch=4  PARAM  "0 0 0 0 0 0 -"
[22:27:04.908]  FBB→TNC  ch=0  STATS  "L"
[22:27:04.933]  TNC→FBB  ch=0  PARAM  "0 0 0 0 0 0 -"
[22:27:04.935]  FBB→TNC  ch=1  STATS  "L"
[22:27:04.966]  TNC→FBB  ch=1  PARAM  "0 0 0 0 0 1 NL1MVV"
[22:27:04.967]  FBB→TNC  ch=2  STATS  "L"
[22:27:04.993]  TNC→FBB  ch=2  PARAM  "0 0 0 0 0 0 -"
[22:27:04.994]  FBB→TNC  ch=3  STATS  "L"
[22:27:05.020]  TNC→FBB  ch=3  PARAM  "0 0 0 0 0 0 -"
[22:27:05.021]  FBB→TNC  ch=4  STATS  "L"
[22:27:05.046]  TNC→FBB  ch=4  PARAM  "0 0 0 0 0 0 -"
[22:27:05.046]  FBB→TNC  ch=0  STATS  "L"
[22:27:05.071]  TNC→FBB  ch=0  PARAM  "0 0 0 0 0 0 -"
[22:27:05.073]  FBB→TNC  ch=1  STATS  "L"
[22:27:05.104]  TNC→FBB  ch=1  PARAM  "0 0 0 0 0 1 NL1MVV"
[22:27:05.106]  FBB→TNC  ch=2  STATS  "L"
[22:27:05.131]  TNC→FBB  ch=2  PARAM  "0 0 0 0 0 0 -"
[22:27:05.132]  FBB→TNC  ch=3  STATS  "L"
[22:27:05.157]  TNC→FBB  ch=3  PARAM  "0 0 0 0 0 0 -"
[22:27:05.159]  FBB→TNC  ch=4  STATS  "L"
[22:27:05.183]  TNC→FBB  ch=4  PARAM  "0 0 0 0 0 0 -"
[22:27:05.184]  FBB→TNC  ch=0  STATS  "L"
[22:27:05.209]  TNC→FBB  ch=0  PARAM  "0 0 0 0 0 0 -"
[22:27:05.213]  FBB→TNC  ch=1  STATS  "L"
[22:27:05.244]  TNC→FBB  ch=1  PARAM  "0 0 0 0 0 1 NL1MVV"
[22:27:05.244]  FBB→TNC  ch=2  STATS  "L"
[22:27:05.269]  TNC→FBB  ch=2  PARAM  "0 0 0 0 0 0 -"
[22:27:05.273]  FBB→TNC  ch=3  STATS  "L"
[22:27:05.298]  TNC→FBB  ch=3  PARAM  "0 0 0 0 0 0 -"
[22:27:05.300]  FBB→TNC  ch=4  STATS  "L"
[22:27:05.325]  TNC→FBB  ch=4  PARAM  "0 0 0 0 0 0 -"
[22:27:05.328]  FBB→TNC  ch=0  STATS  "L"
[22:27:05.352]  TNC→FBB  ch=0  PARAM  "0 0 0 0 0 0 -"
[22:27:05.353]  FBB→TNC  ch=1  STATS  "L"
[22:27:05.384]  TNC→FBB  ch=1  PARAM  "0 0 0 0 0 1 NL1MVV"
[22:27:05.387]  FBB→TNC  ch=2  STATS  "L"
[22:27:05.412]  TNC→FBB  ch=2  PARAM  "0 0 0 0 0 0 -"
[22:27:05.412]  FBB→TNC  ch=3  STATS  "L"
[22:27:05.438]  TNC→FBB  ch=3  PARAM  "0 0 0 0 0 0 -"
[22:27:05.438]  FBB→TNC  ch=4  STATS  "L"
[22:27:05.463]  TNC→FBB  ch=4  PARAM  "0 0 0 0 0 0 -"
[22:27:05.464]  FBB→TNC  ch=0  STATS  "L"
[22:27:05.489]  TNC→FBB  ch=0  PARAM  "0 0 0 0 0 0 -"
[22:27:05.491]  FBB→TNC  ch=1  STATS  "L"
[22:27:05.546]  TNC→FBB  ch=1  PARAM  "0 0 0 0 0 1 NL1MVV"
[22:27:05.547]  FBB→TNC  ch=2  STATS  "L"
[22:27:05.573]  TNC→FBB  ch=2  PARAM  "0 0 0 0 0 0 -"
[22:27:05.573]  FBB→TNC  ch=3  STATS  "L"
[22:27:05.599]  TNC→FBB  ch=3  PARAM  "0 0 0 0 0 0 -"
[22:27:05.600]  FBB→TNC  ch=4  STATS  "L"
[22:27:05.626]  TNC→FBB  ch=4  PARAM  "0 0 0 0 0 0 -"
[22:27:05.629]  FBB→TNC  ch=0  STATS  "L"
[22:27:05.658]  TNC→FBB  ch=0  PARAM  "0 0 0 0 0 0 -"
[22:27:05.660]  FBB→TNC  ch=1  STATS  "L"
[22:27:05.691]  TNC→FBB  ch=1  PARAM  "0 0 0 0 0 1 NL1MVV"
[22:27:05.692]  FBB→TNC  ch=1  FREEBUF  "@B"
[22:27:05.708]  TNC→FBB  ch=1  PARAM  "840"
[22:27:05.709]  FBB→TNC  ch=2  STATS  "L"
[22:27:05.733]  TNC→FBB  ch=2  PARAM  "0 0 0 0 0 0 -"
[22:27:05.735]  FBB→TNC  ch=3  STATS  "L"
[22:27:05.760]  TNC→FBB  ch=3  PARAM  "0 0 0 0 0 0 -"
[22:27:05.761]  FBB→TNC  ch=4  STATS  "L"
[22:27:05.786]  TNC→FBB  ch=4  PARAM  "0 0 0 0 0 0 -"
[22:27:05.786]  FBB→TNC  ch=0  STATS  "L"
[22:27:05.812]  TNC→FBB  ch=0  PARAM  "0 0 0 0 0 0 -"
[22:27:05.813]  FBB→TNC  ch=1  STATS  "L"
[22:27:05.844]  TNC→FBB  ch=1  PARAM  "0 0 0 0 0 1 NL1MVV"
[22:27:05.845]  FBB→TNC  ch=2  STATS  "L"
[22:27:05.870]  TNC→FBB  ch=2  PARAM  "0 0 0 0 0 0 -"
[22:27:05.875]  FBB→TNC  ch=3  STATS  "L"
[22:27:05.899]  TNC→FBB  ch=3  PARAM  "0 0 0 0 0 0 -"
[22:27:05.900]  FBB→TNC  ch=4  STATS  "L"
[22:27:05.925]  TNC→FBB  ch=4  PARAM  "0 0 0 0 0 0 -"
[22:27:05.926]  FBB→TNC  ch=0  STATS  "L"
[22:27:05.951]  TNC→FBB  ch=0  PARAM  "0 0 0 0 0 0 -"
[22:27:05.951]  FBB→TNC  ch=1  STATS  "L"
[22:27:05.983]  TNC→FBB  ch=1  PARAM  "0 0 0 0 0 1 NL1MVV"
[22:27:05.983]  FBB→TNC  ch=2  STATS  "L"
[22:27:06.009]  TNC→FBB  ch=2  PARAM  "0 0 0 0 0 0 -"
[22:27:06.012]  FBB→TNC  ch=3  STATS  "L"
[22:27:06.037]  TNC→FBB  ch=3  PARAM  "0 0 0 0 0 0 -"
[22:27:06.037]  FBB→TNC  ch=4  STATS  "L"
[22:27:06.063]  TNC→FBB  ch=4  PARAM  "0 0 0 0 0 0 -"
[22:27:06.064]  FBB→TNC  ch=0  STATS  "L"
[22:27:06.090]  TNC→FBB  ch=0  PARAM  "0 0 0 0 0 0 -"
[22:27:06.092]  FBB→TNC  ch=1  STATS  "L"
[22:27:06.123]  TNC→FBB  ch=1  PARAM  "0 0 0 0 0 1 NL1MVV"
[22:27:06.123]  FBB→TNC  ch=2  STATS  "L"
[22:27:06.148]  TNC→FBB  ch=2  PARAM  "0 0 0 0 0 0 -"
[22:27:06.149]  FBB→TNC  ch=3  STATS  "L"
[22:27:06.174]  TNC→FBB  ch=3  PARAM  "0 0 0 0 0 0 -"
[22:27:06.174]  FBB→TNC  ch=4  STATS  "L"
[22:27:06.199]  TNC→FBB  ch=4  PARAM  "0 0 0 0 0 0 -"
[22:27:06.200]  FBB→TNC  ch=0  STATS  "L"
[22:27:06.225]  TNC→FBB  ch=0  PARAM  "0 0 0 0 0 0 -"
[22:27:06.228]  FBB→TNC  ch=1  STATS  "L"
[22:27:06.259]  TNC→FBB  ch=1  PARAM  "0 0 0 0 0 1 NL1MVV"
[22:27:06.259]  FBB→TNC  ch=2  STATS  "L"
[22:27:06.284]  TNC→FBB  ch=2  PARAM  "0 0 0 0 0 0 -"
[22:27:06.285]  FBB→TNC  ch=3  STATS  "L"
[22:27:06.310]  TNC→FBB  ch=3  PARAM  "0 0 0 0 0 0 -"
[22:27:06.311]  FBB→TNC  ch=4  STATS  "L"
[22:27:06.336]  TNC→FBB  ch=4  PARAM  "0 0 0 0 0 0 -"
[22:27:06.336]  FBB→TNC  ch=0  STATS  "L"
[22:27:06.362]  TNC→FBB  ch=0  PARAM  "0 0 0 0 0 0 -"
[22:27:06.363]  FBB→TNC  ch=1  STATS  "L"
[22:27:06.394]  TNC→FBB  ch=1  PARAM  "0 0 0 0 0 1 NL1MVV"
[22:27:06.397]  FBB→TNC  ch=2  STATS  "L"
[22:27:06.423]  TNC→FBB  ch=2  PARAM  "0 0 0 0 0 0 -"
[22:27:06.427]  FBB→TNC  ch=3  STATS  "L"
[22:27:06.453]  TNC→FBB  ch=3  PARAM  "0 0 0 0 0 0 -"
[22:27:06.454]  FBB→TNC  ch=4  STATS  "L"
[22:27:06.478]  TNC→FBB  ch=4  PARAM  "0 0 0 0 0 0 -"
[22:27:06.479]  FBB→TNC  ch=0  STATS  "L"
[22:27:06.504]  TNC→FBB  ch=0  PARAM  "0 0 0 0 0 0 -"
[22:27:06.504]  FBB→TNC  ch=1  STATS  "L"
[22:27:06.545]  TNC→FBB  ch=1  PARAM  "0 0 0 0 0 1 NL1MVV"
[22:27:06.545]  FBB→TNC  ch=2  STATS  "L"
[22:27:06.570]  TNC→FBB  ch=2  PARAM  "0 0 0 0 0 0 -"
[22:27:06.571]  FBB→TNC  ch=3  STATS  "L"
[22:27:06.596]  TNC→FBB  ch=3  PARAM  "0 0 0 0 0 0 -"
[22:27:06.598]  FBB→TNC  ch=4  STATS  "L"
[22:27:06.624]  TNC→FBB  ch=4  PARAM  "0 0 0 0 0 0 -"
[22:27:06.626]  FBB→TNC  ch=0  STATS  "L"
[22:27:06.650]  TNC→FBB  ch=0  PARAM  "0 0 0 0 0 0 -"
[22:27:06.651]  FBB→TNC  ch=1  STATS  "L"
[22:27:06.680]  TNC→FBB  ch=1  PARAM  "0 0 0 0 0 1 NL1MVV"
[22:27:06.681]  FBB→TNC  ch=2  STATS  "L"
[22:27:06.706]  TNC→FBB  ch=2  PARAM  "0 0 0 0 0 0 -"
[22:27:06.706]  FBB→TNC  ch=3  STATS  "L"
[22:27:06.732]  TNC→FBB  ch=3  PARAM  "0 0 0 0 0 0 -"
[22:27:06.733]  FBB→TNC  ch=4  STATS  "L"
[22:27:06.758]  TNC→FBB  ch=4  PARAM  "0 0 0 0 0 0 -"
[22:27:06.758]  FBB→TNC  ch=0  STATS  "L"
[22:27:06.783]  TNC→FBB  ch=0  PARAM  "0 0 0 0 0 0 -"
[22:27:06.784]  FBB→TNC  ch=1  STATS  "L"
[22:27:06.815]  TNC→FBB  ch=1  PARAM  "0 0 0 0 0 1 NL1MVV"
[22:27:06.815]  FBB→TNC  ch=2  STATS  "L"
[22:27:06.841]  TNC→FBB  ch=2  PARAM  "0 0 0 0 0 0 -"
[22:27:06.842]  FBB→TNC  ch=3  STATS  "L"
[22:27:06.868]  TNC→FBB  ch=3  PARAM  "0 0 0 0 0 0 -"
[22:27:06.869]  FBB→TNC  ch=4  STATS  "L"
[22:27:06.894]  TNC→FBB  ch=4  PARAM  "0 0 0 0 0 0 -"
[22:27:06.895]  FBB→TNC  ch=0  STATS  "L"
[22:27:06.921]  TNC→FBB  ch=0  PARAM  "0 0 0 0 0 0 -"
[22:27:06.921]  FBB→TNC  ch=1  STATS  "L"
[22:27:06.951]  TNC→FBB  ch=1  PARAM  "0 0 0 0 0 1 NL1MVV"
[22:27:06.951]  FBB→TNC  ch=2  STATS  "L"
[22:27:06.977]  TNC→FBB  ch=2  PARAM  "0 0 0 0 0 0 -"
[22:27:06.982]  FBB→TNC  ch=3  STATS  "L"
[22:27:07.005]  TNC→FBB  ch=3  PARAM  "0 0 0 0 0 0 -"
[22:27:07.006]  FBB→TNC  ch=4  STATS  "L"
[22:27:07.032]  TNC→FBB  ch=4  PARAM  "0 0 0 0 0 0 -"
[22:27:07.032]  FBB→TNC  ch=0  STATS  "L"
[22:27:07.058]  TNC→FBB  ch=0  PARAM  "0 0 0 0 0 0 -"
[22:27:07.059]  FBB→TNC  ch=1  STATS  "L"
[22:27:07.089]  TNC→FBB  ch=1  PARAM  "0 0 0 0 0 1 NL1MVV"
[22:27:07.091]  FBB→TNC  ch=1  FREEBUF  "@B"
[22:27:07.106]  TNC→FBB  ch=1  PARAM  "840"
[22:27:07.107]  FBB→TNC  ch=2  STATS  "L"
[22:27:07.133]  TNC→FBB  ch=2  PARAM  "0 0 0 0 0 0 -"
[22:27:07.133]  FBB→TNC  ch=3  STATS  "L"
[22:27:07.158]  TNC→FBB  ch=3  PARAM  "0 0 0 0 0 0 -"
[22:27:07.159]  FBB→TNC  ch=4  STATS  "L"
[22:27:07.185]  TNC→FBB  ch=4  PARAM  "0 0 0 0 0 0 -"
[22:27:07.186]  FBB→TNC  ch=0  STATS  "L"
[22:27:07.211]  TNC→FBB  ch=0  PARAM  "0 0 0 0 0 0 -"
[22:27:07.212]  FBB→TNC  ch=1  STATS  "L"
[22:27:07.243]  TNC→FBB  ch=1  PARAM  "0 0 0 0 0 1 NL1MVV"
[22:27:07.243]  FBB→TNC  ch=2  STATS  "L"
[22:27:07.269]  TNC→FBB  ch=2  PARAM  "0 0 0 0 0 0 -"
[22:27:07.269]  FBB→TNC  ch=3  STATS  "L"
[22:27:07.296]  TNC→FBB  ch=3  PARAM  "0 0 0 0 0 0 -"
[22:27:07.296]  FBB→TNC  ch=4  STATS  "L"
[22:27:07.322]  TNC→FBB  ch=4  PARAM  "0 0 0 0 0 0 -"
[22:27:07.322]  FBB→TNC  ch=0  STATS  "L"
[22:27:07.348]  TNC→FBB  ch=0  PARAM  "0 0 0 0 0 0 -"
[22:27:07.351]  FBB→TNC  ch=1  STATS  "L"
[22:27:07.381]  TNC→FBB  ch=1  PARAM  "0 0 0 0 0 1 NL1MVV"
[22:27:07.382]  FBB→TNC  ch=2  STATS  "L"
[22:27:07.408]  TNC→FBB  ch=2  PARAM  "0 0 0 0 0 0 -"
[22:27:07.412]  FBB→TNC  ch=3  STATS  "L"
[22:27:07.438]  TNC→FBB  ch=3  PARAM  "0 0 0 0 0 0 -"
[22:27:07.438]  FBB→TNC  ch=4  STATS  "L"
[22:27:07.464]  TNC→FBB  ch=4  PARAM  "0 0 0 0 0 0 -"
[22:27:07.464]  FBB→TNC  ch=0  STATS  "L"
[22:27:07.489]  TNC→FBB  ch=0  PARAM  "0 0 0 0 0 0 -"
[22:27:07.490]  FBB→TNC  ch=1  STATS  "L"
[22:27:07.545]  TNC→FBB  ch=1  PARAM  "0 0 0 0 0 1 NL1MVV"
[22:27:07.545]  FBB→TNC  ch=2  STATS  "L"
[22:27:07.571]  TNC→FBB  ch=2  PARAM  "0 0 0 0 0 0 -"
[22:27:07.571]  FBB→TNC  ch=3  STATS  "L"
[22:27:07.596]  TNC→FBB  ch=3  PARAM  "0 0 0 0 0 0 -"
[22:27:07.597]  FBB→TNC  ch=4  STATS  "L"
[22:27:07.622]  TNC→FBB  ch=4  PARAM  "0 0 0 0 0 0 -"
[22:27:07.623]  FBB→TNC  ch=0  STATS  "L"
[22:27:07.649]  TNC→FBB  ch=0  PARAM  "0 0 0 0 0 0 -"
[22:27:07.649]  FBB→TNC  ch=1  STATS  "L"
[22:27:07.681]  TNC→FBB  ch=1  PARAM  "0 0 0 0 0 1 NL1MVV"
[22:27:07.681]  FBB→TNC  ch=2  STATS  "L"
[22:27:07.707]  TNC→FBB  ch=2  PARAM  "0 0 0 0 0 0 -"
[22:27:07.708]  FBB→TNC  ch=3  STATS  "L"
[22:27:07.734]  TNC→FBB  ch=3  PARAM  "0 0 0 0 0 0 -"
[22:27:07.735]  FBB→TNC  ch=4  STATS  "L"
[22:27:07.760]  TNC→FBB  ch=4  PARAM  "0 0 0 0 0 0 -"
[22:27:07.761]  FBB→TNC  ch=0  STATS  "L"
[22:27:07.786]  TNC→FBB  ch=0  PARAM  "0 0 0 0 0 0 -"
[22:27:07.787]  FBB→TNC  ch=1  STATS  "L"
[22:27:07.817]  TNC→FBB  ch=1  PARAM  "0 0 0 0 0 1 NL1MVV"
[22:27:07.819]  FBB→TNC  ch=2  STATS  "L"
[22:27:07.844]  TNC→FBB  ch=2  PARAM  "0 0 0 0 0 0 -"
[22:27:07.845]  FBB→TNC  ch=3  STATS  "L"
[22:27:07.870]  TNC→FBB  ch=3  PARAM  "0 0 0 0 0 0 -"
[22:27:07.874]  FBB→TNC  ch=4  STATS  "L"
[22:27:07.900]  TNC→FBB  ch=4  PARAM  "0 0 0 0 0 0 -"
[22:27:07.904]  FBB→TNC  ch=0  STATS  "L"
[22:27:07.930]  TNC→FBB  ch=0  PARAM  "0 0 0 0 0 0 -"
[22:27:07.934]  FBB→TNC  ch=1  STATS  "L"
[22:27:07.965]  TNC→FBB  ch=1  PARAM  "0 0 0 0 0 1 NL1MVV"
[22:27:07.966]  FBB→TNC  ch=2  STATS  "L"
[22:27:07.991]  TNC→FBB  ch=2  PARAM  "0 0 0 0 0 0 -"
[22:27:07.992]  FBB→TNC  ch=3  STATS  "L"
[22:27:08.017]  TNC→FBB  ch=3  PARAM  "0 0 0 0 0 0 -"
[22:27:08.017]  FBB→TNC  ch=4  STATS  "L"
[22:27:08.043]  TNC→FBB  ch=4  PARAM  "0 0 0 0 0 0 -"
[22:27:08.044]  FBB→TNC  ch=0  STATS  "L"
[22:27:08.073]  TNC→FBB  ch=0  PARAM  "0 0 0 0 0 0 -"
[22:27:08.074]  FBB→TNC  ch=1  STATS  "L"
[22:27:08.104]  TNC→FBB  ch=1  PARAM  "0 0 0 0 0 1 NL1MVV"
[22:27:08.106]  FBB→TNC  ch=2  STATS  "L"
[22:27:08.131]  TNC→FBB  ch=2  PARAM  "0 0 0 0 0 0 -"
[22:27:08.134]  FBB→TNC  ch=3  STATS  "L"
[22:27:08.161]  TNC→FBB  ch=3  PARAM  "0 0 0 0 0 0 -"
[22:27:08.167]  FBB→TNC  ch=4  STATS  "L"
[22:27:08.191]  TNC→FBB  ch=4  PARAM  "0 0 0 0 0 0 -"
[22:27:08.192]  FBB→TNC  ch=0  STATS  "L"
[22:27:08.217]  TNC→FBB  ch=0  PARAM  "0 0 0 0 0 0 -"
[22:27:08.218]  FBB→TNC  ch=1  STATS  "L"
[22:27:08.248]  TNC→FBB  ch=1  PARAM  "0 0 0 0 0 1 NL1MVV"
[22:27:08.249]  FBB→TNC  ch=2  STATS  "L"
[22:27:08.277]  TNC→FBB  ch=2  PARAM  "0 0 0 0 0 0 -"
[22:27:08.277]  FBB→TNC  ch=3  STATS  "L"
[22:27:08.303]  TNC→FBB  ch=3  PARAM  "0 0 0 0 0 0 -"
[22:27:08.304]  FBB→TNC  ch=4  STATS  "L"
[22:27:08.329]  TNC→FBB  ch=4  PARAM  "0 0 0 0 0 0 -"
[22:27:08.331]  FBB→TNC  ch=0  STATS  "L"
[22:27:08.357]  TNC→FBB  ch=0  PARAM  "0 0 0 0 0 0 -"
[22:27:08.357]  FBB→TNC  ch=1  STATS  "L"
[22:27:08.388]  TNC→FBB  ch=1  PARAM  "0 0 0 0 0 1 NL1MVV"
[22:27:08.388]  FBB→TNC  ch=2  STATS  "L"
[22:27:08.416]  TNC→FBB  ch=2  PARAM  "0 0 0 0 0 0 -"
[22:27:08.416]  FBB→TNC  ch=3  STATS  "L"
[22:27:08.441]  TNC→FBB  ch=3  PARAM  "0 0 0 0 0 0 -"
[22:27:08.441]  FBB→TNC  ch=4  STATS  "L"
[22:27:08.466]  TNC→FBB  ch=4  PARAM  "0 0 0 0 0 0 -"
[22:27:08.466]  FBB→TNC  ch=0  STATS  "L"
[22:27:08.492]  TNC→FBB  ch=0  PARAM  "0 0 0 0 0 0 -"
[22:27:08.493]  FBB→TNC  ch=1  STATS  "L"
[22:27:08.545]  TNC→FBB  ch=1  PARAM  "0 0 0 0 0 1 NL1MVV"
[22:27:08.545]  FBB→TNC  ch=1  FREEBUF  "@B"
[22:27:08.562]  TNC→FBB  ch=1  PARAM  "840"
[22:27:08.568]  FBB→TNC  ch=2  STATS  "L"
[22:27:08.593]  TNC→FBB  ch=2  PARAM  "0 0 0 0 0 0 -"
[22:27:08.595]  FBB→TNC  ch=3  STATS  "L"
[22:27:08.619]  TNC→FBB  ch=3  PARAM  "0 0 0 0 0 0 -"
[22:27:08.623]  FBB→TNC  ch=4  STATS  "L"
[22:27:08.649]  TNC→FBB  ch=4  PARAM  "0 0 0 0 0 0 -"
[22:27:08.653]  FBB→TNC  ch=0  STATS  "L"
[22:27:08.678]  TNC→FBB  ch=0  PARAM  "0 0 0 0 0 0 -"
[22:27:08.679]  FBB→TNC  ch=1  STATS  "L"
[22:27:08.709]  TNC→FBB  ch=1  PARAM  "0 0 0 0 0 1 NL1MVV"
[22:27:08.709]  FBB→TNC  ch=2  STATS  "L"
[22:27:08.734]  TNC→FBB  ch=2  PARAM  "0 0 0 0 0 0 -"
[22:27:08.735]  FBB→TNC  ch=3  STATS  "L"
[22:27:08.760]  TNC→FBB  ch=3  PARAM  "0 0 0 0 0 0 -"
[22:27:08.761]  FBB→TNC  ch=4  STATS  "L"
[22:27:08.786]  TNC→FBB  ch=4  PARAM  "0 0 0 0 0 0 -"
[22:27:08.789]  FBB→TNC  ch=0  STATS  "L"
[22:27:08.815]  TNC→FBB  ch=0  PARAM  "0 0 0 0 0 0 -"
[22:27:08.819]  FBB→TNC  ch=1  STATS  "L"
[22:27:08.849]  TNC→FBB  ch=1  PARAM  "0 0 0 0 0 1 NL1MVV"
[22:27:08.850]  FBB→TNC  ch=2  STATS  "L"
[22:27:08.877]  TNC→FBB  ch=2  PARAM  "0 0 0 0 0 0 -"
[22:27:08.880]  FBB→TNC  ch=3  STATS  "L"
[22:27:08.904]  TNC→FBB  ch=3  PARAM  "0 0 0 0 0 0 -"
[22:27:08.904]  FBB→TNC  ch=4  STATS  "L"
[22:27:08.929]  TNC→FBB  ch=4  PARAM  "0 0 0 0 0 0 -"
[22:27:08.930]  FBB→TNC  ch=0  STATS  "L"
[22:27:08.955]  TNC→FBB  ch=0  PARAM  "0 0 0 0 0 0 -"
[22:27:08.956]  FBB→TNC  ch=1  STATS  "L"
[22:27:08.986]  TNC→FBB  ch=1  PARAM  "0 0 0 0 0 1 NL1MVV"
[22:27:08.988]  FBB→TNC  ch=2  STATS  "L"
[22:27:09.013]  TNC→FBB  ch=2  PARAM  "0 0 0 0 0 0 -"
[22:27:09.013]  FBB→TNC  ch=3  STATS  "L"
[22:27:09.038]  TNC→FBB  ch=3  PARAM  "0 0 0 0 0 0 -"
[22:27:09.038]  FBB→TNC  ch=4  STATS  "L"
[22:27:09.064]  TNC→FBB  ch=4  PARAM  "0 0 0 0 0 0 -"
[22:27:09.065]  FBB→TNC  ch=0  STATS  "L"
[22:27:09.091]  TNC→FBB  ch=0  PARAM  "0 0 0 0 0 0 -"
[22:27:09.092]  FBB→TNC  ch=1  STATS  "L"
[22:27:09.125]  TNC→FBB  ch=1  PARAM  "0 0 0 0 0 1 NL1MVV"
[22:27:09.127]  FBB→TNC  ch=2  STATS  "L"
[22:27:09.154]  TNC→FBB  ch=2  PARAM  "0 0 0 0 0 0 -"
[22:27:09.156]  FBB→TNC  ch=3  STATS  "L"
[22:27:09.182]  TNC→FBB  ch=3  PARAM  "0 0 0 0 0 0 -"
[22:27:09.182]  FBB→TNC  ch=4  STATS  "L"
[22:27:09.208]  TNC→FBB  ch=4  PARAM  "0 0 0 0 0 0 -"
[22:27:09.208]  FBB→TNC  ch=0  STATS  "L"
[22:27:09.234]  TNC→FBB  ch=0  PARAM  "0 0 0 0 0 0 -"
[22:27:09.235]  FBB→TNC  ch=1  STATS  "L"
[22:27:09.266]  TNC→FBB  ch=1  PARAM  "0 0 0 0 0 1 NL1MVV"
[22:27:09.269]  FBB→TNC  ch=2  STATS  "L"
[22:27:09.294]  TNC→FBB  ch=2  PARAM  "0 0 0 0 0 0 -"
[22:27:09.295]  FBB→TNC  ch=3  STATS  "L"
[22:27:09.322]  TNC→FBB  ch=3  PARAM  "0 0 0 0 0 0 -"
[22:27:09.323]  FBB→TNC  ch=4  STATS  "L"
[22:27:09.349]  TNC→FBB  ch=4  PARAM  "0 0 0 0 0 0 -"
[22:27:09.349]  FBB→TNC  ch=0  STATS  "L"
[22:27:09.375]  TNC→FBB  ch=0  PARAM  "0 0 0 0 0 0 -"
[22:27:09.376]  FBB→TNC  ch=1  STATS  "L"
[22:27:09.406]  TNC→FBB  ch=1  PARAM  "0 0 0 0 0 1 NL1MVV"
[22:27:09.406]  FBB→TNC  ch=2  STATS  "L"
[22:27:09.432]  TNC→FBB  ch=2  PARAM  "0 0 0 0 0 0 -"
[22:27:09.433]  FBB→TNC  ch=3  STATS  "L"
[22:27:09.460]  TNC→FBB  ch=3  PARAM  "0 0 0 0 0 0 -"
[22:27:09.467]  FBB→TNC  ch=4  STATS  "L"
[22:27:09.493]  TNC→FBB  ch=4  PARAM  "0 0 0 0 0 0 -"
[22:27:09.493]  FBB→TNC  ch=0  STATS  "L"
[22:27:09.540]  TNC→FBB  ch=0  PARAM  "0 0 0 0 0 0 -"
[22:27:09.540]  FBB→TNC  ch=1  STATS  "L"
[22:27:09.570]  TNC→FBB  ch=1  PARAM  "0 0 0 0 0 1 NL1MVV"
[22:27:09.571]  FBB→TNC  ch=2  STATS  "L"
[22:27:09.596]  TNC→FBB  ch=2  PARAM  "0 0 0 0 0 0 -"
[22:27:09.601]  FBB→TNC  ch=3  STATS  "L"
[22:27:09.626]  TNC→FBB  ch=3  PARAM  "0 0 0 0 0 0 -"
[22:27:09.631]  FBB→TNC  ch=4  STATS  "L"
[22:27:09.656]  TNC→FBB  ch=4  PARAM  "0 0 0 0 0 0 -"
[22:27:09.656]  FBB→TNC  ch=0  STATS  "L"
[22:27:09.681]  TNC→FBB  ch=0  PARAM  "0 0 0 0 0 0 -"
[22:27:09.681]  FBB→TNC  ch=1  STATS  "L"
[22:27:09.712]  TNC→FBB  ch=1  PARAM  "0 0 0 0 0 1 NL1MVV"
[22:27:09.712]  FBB→TNC  ch=2  STATS  "L"
[22:27:09.737]  TNC→FBB  ch=2  PARAM  "0 0 0 0 0 0 -"
[22:27:09.738]  FBB→TNC  ch=3  STATS  "L"
[22:27:09.763]  TNC→FBB  ch=3  PARAM  "0 0 0 0 0 0 -"
[22:27:09.770]  FBB→TNC  ch=4  STATS  "L"
[22:27:09.797]  TNC→FBB  ch=4  PARAM  "0 0 0 0 0 0 -"
[22:27:09.798]  FBB→TNC  ch=0  STATS  "L"
[22:27:09.823]  TNC→FBB  ch=0  PARAM  "0 0 0 0 0 0 -"
[22:27:09.824]  FBB→TNC  ch=1  STATS  "L"
[22:27:09.855]  TNC→FBB  ch=1  PARAM  "0 0 0 0 0 1 NL1MVV"
[22:27:09.856]  FBB→TNC  ch=2  STATS  "L"
[22:27:09.881]  TNC→FBB  ch=2  PARAM  "0 0 0 0 0 0 -"
[22:27:09.881]  FBB→TNC  ch=3  STATS  "L"
[22:27:09.907]  TNC→FBB  ch=3  PARAM  "0 0 0 0 0 0 -"
[22:27:09.907]  FBB→TNC  ch=4  STATS  "L"
[22:27:09.933]  TNC→FBB  ch=4  PARAM  "0 0 0 0 0 0 -"
[22:27:09.935]  FBB→TNC  ch=0  STATS  "L"
[22:27:09.960]  TNC→FBB  ch=0  PARAM  "0 0 0 0 0 0 -"
[22:27:09.965]  FBB→TNC  ch=1  STATS  "L"
[22:27:09.997]  TNC→FBB  ch=1  PARAM  "0 0 0 0 0 1 NL1MVV"
[22:27:09.998]  FBB→TNC  ch=1  FREEBUF  "@B"
[22:27:10.015]  TNC→FBB  ch=1  PARAM  "840"
[22:27:10.016]  FBB→TNC  ch=2  STATS  "L"
[22:27:10.042]  TNC→FBB  ch=2  PARAM  "0 0 0 0 0 0 -"
[22:27:10.043]  FBB→TNC  ch=3  STATS  "L"
[22:27:10.068]  TNC→FBB  ch=3  PARAM  "0 0 0 0 0 0 -"
[22:27:10.072]  FBB→TNC  ch=4  STATS  "L"
[22:27:10.098]  TNC→FBB  ch=4  PARAM  "0 0 0 0 0 0 -"
[22:27:10.102]  FBB→TNC  ch=0  STATS  "L"
[22:27:10.127]  TNC→FBB  ch=0  PARAM  "0 0 0 0 0 0 -"
[22:27:10.129]  FBB→TNC  ch=1  STATS  "L"
[22:27:10.158]  TNC→FBB  ch=1  PARAM  "0 0 0 0 0 1 NL1MVV"
[22:27:10.158]  FBB→TNC  ch=2  STATS  "L"
[22:27:10.184]  TNC→FBB  ch=2  PARAM  "0 0 0 0 0 0 -"
[22:27:10.185]  FBB→TNC  ch=3  STATS  "L"
[22:27:10.209]  TNC→FBB  ch=3  PARAM  "0 0 0 0 0 0 -"
[22:27:10.210]  FBB→TNC  ch=4  STATS  "L"
[22:27:10.235]  TNC→FBB  ch=4  PARAM  "0 0 0 0 0 0 -"
[22:27:10.240]  FBB→TNC  ch=0  STATS  "L"
[22:27:10.265]  TNC→FBB  ch=0  PARAM  "0 0 0 0 0 0 -"
[22:27:10.270]  FBB→TNC  ch=1  STATS  "L"
[22:27:10.300]  TNC→FBB  ch=1  PARAM  "0 0 0 0 0 1 NL1MVV"
[22:27:10.301]  FBB→TNC  ch=2  STATS  "L"
[22:27:10.326]  TNC→FBB  ch=2  PARAM  "0 0 0 0 0 0 -"
[22:27:10.330]  FBB→TNC  ch=3  STATS  "L"
[22:27:10.357]  TNC→FBB  ch=3  PARAM  "0 0 0 0 0 0 -"
[22:27:10.360]  FBB→TNC  ch=4  STATS  "L"
[22:27:10.393]  TNC→FBB  ch=4  PARAM  "0 0 0 0 0 0 -"
[22:27:10.393]  FBB→TNC  ch=0  STATS  "L"
[22:27:10.418]  TNC→FBB  ch=0  PARAM  "0 0 0 0 0 0 -"
[22:27:10.422]  FBB→TNC  ch=1  STATS  "L"
[22:27:10.452]  TNC→FBB  ch=1  PARAM  "0 0 0 0 0 1 NL1MVV"
[22:27:10.452]  FBB→TNC  ch=2  STATS  "L"
[22:27:10.478]  TNC→FBB  ch=2  PARAM  "0 0 0 0 0 0 -"
[22:27:10.478]  FBB→TNC  ch=3  STATS  "L"
[22:27:10.504]  TNC→FBB  ch=3  PARAM  "0 0 0 0 0 0 -"
[22:27:10.505]  FBB→TNC  ch=4  STATS  "L"
[22:27:10.540]  TNC→FBB  ch=4  PARAM  "0 0 0 0 0 0 -"
[22:27:10.542]  FBB→TNC  ch=0  STATS  "L"
[22:27:10.568]  TNC→FBB  ch=0  PARAM  "0 0 0 0 0 0 -"
[22:27:10.568]  FBB→TNC  ch=1  STATS  "L"
[22:27:10.599]  TNC→FBB  ch=1  PARAM  "0 0 0 0 0 1 NL1MVV"
[22:27:10.599]  FBB→TNC  ch=2  STATS  "L"
[22:27:10.624]  TNC→FBB  ch=2  PARAM  "0 0 0 0 0 0 -"
[22:27:10.624]  FBB→TNC  ch=3  STATS  "L"
[22:27:10.650]  TNC→FBB  ch=3  PARAM  "0 0 0 0 0 0 -"
[22:27:10.651]  FBB→TNC  ch=4  STATS  "L"
[22:27:10.677]  TNC→FBB  ch=4  PARAM  "0 0 0 0 0 0 -"
[22:27:10.681]  FBB→TNC  ch=0  STATS  "L"
[22:27:10.706]  TNC→FBB  ch=0  PARAM  "0 0 0 0 0 0 -"
[22:27:10.707]  FBB→TNC  ch=1  STATS  "L"
[22:27:10.737]  TNC→FBB  ch=1  PARAM  "0 0 0 0 0 1 NL1MVV"
[22:27:10.737]  FBB→TNC  ch=2  STATS  "L"
[22:27:10.762]  TNC→FBB  ch=2  PARAM  "0 0 0 0 0 0 -"
[22:27:10.762]  FBB→TNC  ch=3  STATS  "L"
[22:27:10.790]  TNC→FBB  ch=3  PARAM  "0 0 0 0 0 0 -"
[22:27:10.790]  FBB→TNC  ch=4  STATS  "L"
[22:27:10.816]  TNC→FBB  ch=4  PARAM  "0 0 0 0 0 0 -"
[22:27:10.818]  FBB→TNC  ch=0  STATS  "L"
[22:27:10.842]  TNC→FBB  ch=0  PARAM  "0 0 0 0 0 0 -"
[22:27:10.843]  FBB→TNC  ch=1  STATS  "L"
[22:27:10.873]  TNC→FBB  ch=1  PARAM  "0 0 0 0 0 1 NL1MVV"
[22:27:10.873]  FBB→TNC  ch=2  STATS  "L"
[22:27:10.899]  TNC→FBB  ch=2  PARAM  "0 0 0 0 0 0 -"
[22:27:10.899]  FBB→TNC  ch=3  STATS  "L"
[22:27:10.924]  TNC→FBB  ch=3  PARAM  "0 0 0 0 0 0 -"
[22:27:10.929]  FBB→TNC  ch=4  STATS  "L"
[22:27:10.953]  TNC→FBB  ch=4  PARAM  "0 0 0 0 0 0 -"
[22:27:10.954]  FBB→TNC  ch=0  STATS  "L"
[22:27:10.979]  TNC→FBB  ch=0  PARAM  "0 0 0 0 0 0 -"
[22:27:10.980]  FBB→TNC  ch=1  STATS  "L"
[22:27:11.010]  TNC→FBB  ch=1  PARAM  "0 0 0 0 0 1 NL1MVV"
[22:27:11.011]  FBB→TNC  ch=2  STATS  "L"
[22:27:11.037]  TNC→FBB  ch=2  PARAM  "0 0 0 0 0 0 -"
[22:27:11.040]  FBB→TNC  ch=3  STATS  "L"
[22:27:11.064]  TNC→FBB  ch=3  PARAM  "0 0 0 0 0 0 -"
[22:27:11.066]  FBB→TNC  ch=4  STATS  "L"
[22:27:11.091]  TNC→FBB  ch=4  PARAM  "0 0 0 0 0 0 -"
[22:27:11.091]  FBB→TNC  ch=0  STATS  "L"
[22:27:11.117]  TNC→FBB  ch=0  PARAM  "0 0 0 0 0 0 -"
[22:27:11.117]  FBB→TNC  ch=1  STATS  "L"
[22:27:11.147]  TNC→FBB  ch=1  PARAM  "0 0 0 0 0 1 NL1MVV"
[22:27:11.147]  FBB→TNC  ch=2  STATS  "L"
[22:27:11.173]  TNC→FBB  ch=2  PARAM  "0 0 0 0 0 0 -"
[22:27:11.173]  FBB→TNC  ch=3  STATS  "L"
[22:27:11.199]  TNC→FBB  ch=3  PARAM  "0 0 0 0 0 0 -"
[22:27:11.203]  FBB→TNC  ch=4  STATS  "L"
[22:27:11.228]  TNC→FBB  ch=4  PARAM  "0 0 0 0 0 0 -"
[22:27:11.229]  FBB→TNC  ch=0  STATS  "L"
[22:27:11.254]  TNC→FBB  ch=0  PARAM  "0 0 0 0 0 0 -"
[22:27:11.254]  FBB→TNC  ch=1  STATS  "L"
[22:27:11.285]  TNC→FBB  ch=1  PARAM  "0 0 0 0 0 1 NL1MVV"
[22:27:11.286]  FBB→TNC  ch=2  STATS  "L"
[22:27:11.311]  TNC→FBB  ch=2  PARAM  "0 0 0 0 0 0 -"
[22:27:11.311]  FBB→TNC  ch=3  STATS  "L"
[22:27:11.337]  TNC→FBB  ch=3  PARAM  "0 0 0 0 0 0 -"
[22:27:11.337]  FBB→TNC  ch=4  STATS  "L"
[22:27:11.363]  TNC→FBB  ch=4  PARAM  "0 0 0 0 0 0 -"
[22:27:11.363]  FBB→TNC  ch=0  STATS  "L"
[22:27:11.388]  TNC→FBB  ch=0  PARAM  "0 0 0 0 0 0 -"
[22:27:11.389]  FBB→TNC  ch=1  STATS  "L"
[22:27:11.419]  TNC→FBB  ch=1  PARAM  "0 0 0 0 0 1 NL1MVV"
[22:27:11.420]  FBB→TNC  ch=1  FREEBUF  "@B"
[22:27:11.436]  TNC→FBB  ch=1  PARAM  "840"
[22:27:11.437]  FBB→TNC  ch=2  STATS  "L"
[22:27:11.462]  TNC→FBB  ch=2  PARAM  "0 0 0 0 0 0 -"
[22:27:11.464]  FBB→TNC  ch=3  STATS  "L"
[22:27:11.489]  TNC→FBB  ch=3  PARAM  "0 0 0 0 0 0 -"
[22:27:11.490]  FBB→TNC  ch=4  STATS  "L"
[22:27:11.540]  TNC→FBB  ch=4  PARAM  "0 0 0 0 0 0 -"
[22:27:11.540]  FBB→TNC  ch=0  STATS  "L"
[22:27:11.566]  TNC→FBB  ch=0  PARAM  "0 0 0 0 0 0 -"
[22:27:11.567]  FBB→TNC  ch=1  STATS  "L"
[22:27:11.597]  TNC→FBB  ch=1  PARAM  "0 0 0 0 0 1 NL1MVV"
[22:27:11.599]  FBB→TNC  ch=2  STATS  "L"
[22:27:11.622]  TNC→FBB  ch=2  PARAM  "0 0 0 0 0 0 -"
[22:27:11.623]  FBB→TNC  ch=3  STATS  "L"
[22:27:11.647]  TNC→FBB  ch=3  PARAM  "0 0 0 0 0 0 -"
[22:27:11.649]  FBB→TNC  ch=4  STATS  "L"
[22:27:11.673]  TNC→FBB  ch=4  PARAM  "0 0 0 0 0 0 -"
[22:27:11.675]  FBB→TNC  ch=0  STATS  "L"
[22:27:11.701]  TNC→FBB  ch=0  PARAM  "0 0 0 0 0 0 -"
[22:27:11.702]  FBB→TNC  ch=1  STATS  "L"
[22:27:11.733]  TNC→FBB  ch=1  PARAM  "0 0 0 0 0 1 NL1MVV"
[22:27:11.738]  FBB→TNC  ch=2  STATS  "L"
[22:27:11.763]  TNC→FBB  ch=2  PARAM  "0 0 0 0 0 0 -"
[22:27:11.765]  FBB→TNC  ch=3  STATS  "L"
[22:27:11.790]  TNC→FBB  ch=3  PARAM  "0 0 0 0 0 0 -"
[22:27:11.790]  FBB→TNC  ch=4  STATS  "L"
[22:27:11.816]  TNC→FBB  ch=4  PARAM  "0 0 0 0 0 0 -"
[22:27:11.816]  FBB→TNC  ch=0  STATS  "L"
[22:27:11.841]  TNC→FBB  ch=0  PARAM  "0 0 0 0 0 0 -"
[22:27:11.845]  FBB→TNC  ch=1  STATS  "L"
[22:27:11.875]  TNC→FBB  ch=1  PARAM  "0 0 0 0 0 1 NL1MVV"
[22:27:11.875]  FBB→TNC  ch=2  STATS  "L"
[22:27:11.901]  TNC→FBB  ch=2  PARAM  "0 0 0 0 0 0 -"
[22:27:11.905]  FBB→TNC  ch=3  STATS  "L"
[22:27:11.930]  TNC→FBB  ch=3  PARAM  "0 0 0 0 0 0 -"
[22:27:11.931]  FBB→TNC  ch=4  STATS  "L"
[22:27:11.956]  TNC→FBB  ch=4  PARAM  "0 0 0 0 0 0 -"
[22:27:11.957]  FBB→TNC  ch=0  STATS  "L"
[22:27:11.983]  TNC→FBB  ch=0  PARAM  "0 0 0 0 0 0 -"
[22:27:11.983]  FBB→TNC  ch=1  STATS  "L"
[22:27:12.014]  TNC→FBB  ch=1  PARAM  "0 0 0 0 0 1 NL1MVV"
[22:27:12.014]  FBB→TNC  ch=2  STATS  "L"
[22:27:12.039]  TNC→FBB  ch=2  PARAM  "0 0 0 0 0 0 -"
[22:27:12.042]  FBB→TNC  ch=3  STATS  "L"
[22:27:12.068]  TNC→FBB  ch=3  PARAM  "0 0 0 0 0 0 -"
[22:27:12.068]  FBB→TNC  ch=4  STATS  "L"
[22:27:12.093]  TNC→FBB  ch=4  PARAM  "0 0 0 0 0 0 -"
[22:27:12.094]  FBB→TNC  ch=0  STATS  "L"
[22:27:12.120]  TNC→FBB  ch=0  PARAM  "0 0 0 0 0 0 -"
[22:27:12.120]  FBB→TNC  ch=1  STATS  "L"
[22:27:12.150]  TNC→FBB  ch=1  PARAM  "0 0 0 0 0 1 NL1MVV"
[22:27:12.151]  FBB→TNC  ch=2  STATS  "L"
[22:27:12.175]  TNC→FBB  ch=2  PARAM  "0 0 0 0 0 0 -"
[22:27:12.176]  FBB→TNC  ch=3  STATS  "L"
[22:27:12.202]  TNC→FBB  ch=3  PARAM  "0 0 0 0 0 0 -"
[22:27:12.203]  FBB→TNC  ch=4  STATS  "L"
[22:27:12.228]  TNC→FBB  ch=4  PARAM  "0 0 0 0 0 0 -"
[22:27:12.228]  FBB→TNC  ch=0  STATS  "L"
[22:27:12.253]  TNC→FBB  ch=0  PARAM  "0 0 0 0 0 0 -"
[22:27:12.255]  FBB→TNC  ch=1  STATS  "L"
[22:27:12.286]  TNC→FBB  ch=1  PARAM  "0 0 0 0 0 1 NL1MVV"
[22:27:12.287]  FBB→TNC  ch=2  STATS  "L"
[22:27:12.313]  TNC→FBB  ch=2  PARAM  "0 0 0 0 0 0 -"
[22:27:12.315]  FBB→TNC  ch=3  STATS  "L"
[22:27:12.340]  TNC→FBB  ch=3  PARAM  "0 0 0 0 0 0 -"
[22:27:12.341]  FBB→TNC  ch=4  STATS  "L"
[22:27:12.366]  TNC→FBB  ch=4  PARAM  "0 0 0 0 0 0 -"
[22:27:12.367]  FBB→TNC  ch=0  STATS  "L"
[22:27:12.392]  TNC→FBB  ch=0  PARAM  "0 0 0 0 0 0 -"
[22:27:12.393]  FBB→TNC  ch=1  STATS  "L"
[22:27:12.424]  TNC→FBB  ch=1  PARAM  "0 0 0 0 0 1 NL1MVV"
[22:27:12.426]  FBB→TNC  ch=2  STATS  "L"
[22:27:12.451]  TNC→FBB  ch=2  PARAM  "0 0 0 0 0 0 -"
[22:27:12.453]  FBB→TNC  ch=3  STATS  "L"
[22:27:12.477]  TNC→FBB  ch=3  PARAM  "0 0 0 0 0 0 -"
[22:27:12.478]  FBB→TNC  ch=4  STATS  "L"
[22:27:12.502]  TNC→FBB  ch=4  PARAM  "0 0 0 0 0 0 -"
[22:27:12.503]  FBB→TNC  ch=0  STATS  "L"
[22:27:12.540]  TNC→FBB  ch=0  PARAM  "0 0 0 0 0 0 -"
[22:27:12.546]  FBB→TNC  ch=1  STATS  "L"
[22:27:12.578]  TNC→FBB  ch=1  PARAM  "0 0 0 0 0 1 NL1MVV"
[22:27:12.578]  FBB→TNC  ch=2  STATS  "L"
[22:27:12.603]  TNC→FBB  ch=2  PARAM  "0 0 0 0 0 0 -"
[22:27:12.607]  FBB→TNC  ch=3  STATS  "L"
[22:27:12.634]  TNC→FBB  ch=3  PARAM  "0 0 0 0 0 0 -"
[22:27:12.637]  FBB→TNC  ch=4  STATS  "L"
[22:27:12.664]  TNC→FBB  ch=4  PARAM  "0 0 0 0 0 0 -"
[22:27:12.668]  FBB→TNC  ch=0  STATS  "L"
[22:27:12.693]  TNC→FBB  ch=0  PARAM  "0 0 0 0 0 0 -"
[22:27:12.694]  FBB→TNC  ch=1  STATS  "L"
[22:27:12.724]  TNC→FBB  ch=1  PARAM  "0 0 0 0 0 1 NL1MVV"
[22:27:12.729]  FBB→TNC  ch=2  STATS  "L"
[22:27:12.753]  TNC→FBB  ch=2  PARAM  "0 0 0 0 0 0 -"
[22:27:12.754]  FBB→TNC  ch=3  STATS  "L"
[22:27:12.779]  TNC→FBB  ch=3  PARAM  "0 0 0 0 0 0 -"
[22:27:12.780]  FBB→TNC  ch=4  STATS  "L"
[22:27:12.806]  TNC→FBB  ch=4  PARAM  "0 0 0 0 0 0 -"
[22:27:12.806]  FBB→TNC  ch=0  STATS  "L"
[22:27:12.831]  TNC→FBB  ch=0  PARAM  "0 0 0 0 0 0 -"
[22:27:12.833]  FBB→TNC  ch=1  STATS  "L"
[22:27:12.863]  TNC→FBB  ch=1  PARAM  "0 0 0 0 0 1 NL1MVV"
[22:27:12.865]  FBB→TNC  ch=1  FREEBUF  "@B"
[22:27:12.883]  TNC→FBB  ch=1  PARAM  "840"
[22:27:12.886]  FBB→TNC  ch=2  STATS  "L"
[22:27:12.910]  TNC→FBB  ch=2  PARAM  "0 0 0 0 0 0 -"
[22:27:12.911]  FBB→TNC  ch=3  STATS  "L"
[22:27:12.936]  TNC→FBB  ch=3  PARAM  "0 0 0 0 0 0 -"
[22:27:12.936]  FBB→TNC  ch=4  STATS  "L"
[22:27:12.962]  TNC→FBB  ch=4  PARAM  "0 0 0 0 0 0 -"
[22:27:12.962]  FBB→TNC  ch=0  STATS  "L"
[22:27:12.987]  TNC→FBB  ch=0  PARAM  "0 0 0 0 0 0 -"
[22:27:12.989]  FBB→TNC  ch=1  STATS  "L"
[22:27:13.019]  TNC→FBB  ch=1  PARAM  "0 0 0 0 0 1 NL1MVV"
[22:27:13.021]  FBB→TNC  ch=2  STATS  "L"
[22:27:13.047]  TNC→FBB  ch=2  PARAM  "0 0 0 0 0 0 -"
[22:27:13.048]  FBB→TNC  ch=3  STATS  "L"
[22:27:13.073]  TNC→FBB  ch=3  PARAM  "0 0 0 0 0 0 -"
[22:27:13.075]  FBB→TNC  ch=4  STATS  "L"
[22:27:13.099]  TNC→FBB  ch=4  PARAM  "0 0 0 0 0 0 -"
[22:27:13.100]  FBB→TNC  ch=0  STATS  "L"
[22:27:13.126]  TNC→FBB  ch=0  PARAM  "0 0 0 0 0 0 -"
[22:27:13.127]  FBB→TNC  ch=1  STATS  "L"
[22:27:13.157]  TNC→FBB  ch=1  PARAM  "0 0 0 0 0 1 NL1MVV"
[22:27:13.159]  FBB→TNC  ch=2  STATS  "L"
[22:27:13.184]  TNC→FBB  ch=2  PARAM  "0 0 0 0 0 0 -"
[22:27:13.185]  FBB→TNC  ch=3  STATS  "L"
[22:27:13.211]  TNC→FBB  ch=3  PARAM  "0 0 0 0 0 0 -"
[22:27:13.211]  FBB→TNC  ch=4  STATS  "L"
[22:27:13.236]  TNC→FBB  ch=4  PARAM  "0 0 0 0 0 0 -"
[22:27:13.236]  FBB→TNC  ch=0  STATS  "L"
[22:27:13.263]  TNC→FBB  ch=0  PARAM  "0 0 0 0 0 0 -"
[22:27:13.264]  FBB→TNC  ch=1  STATS  "L"
[22:27:13.309]  TNC→FBB  ch=1  PARAM  "0 0 0 0 0 1 NL1MVV"
[22:27:13.314]  FBB→TNC  ch=2  STATS  "L"
[22:27:13.339]  TNC→FBB  ch=2  PARAM  "0 0 0 0 0 0 -"
[22:27:13.341]  FBB→TNC  ch=3  STATS  "L"
[22:27:13.367]  TNC→FBB  ch=3  PARAM  "0 0 0 0 0 0 -"
[22:27:13.369]  FBB→TNC  ch=4  STATS  "L"
[22:27:13.394]  TNC→FBB  ch=4  PARAM  "0 0 0 0 0 0 -"
[22:27:13.399]  FBB→TNC  ch=0  STATS  "L"
[22:27:13.424]  TNC→FBB  ch=0  PARAM  "0 0 0 0 0 0 -"
[22:27:13.429]  FBB→TNC  ch=1  STATS  "L"
[22:27:13.461]  TNC→FBB  ch=1  PARAM  "0 0 0 0 0 1 NL1MVV"
[22:27:13.463]  FBB→TNC  ch=2  STATS  "L"
[22:27:13.489]  TNC→FBB  ch=2  PARAM  "0 0 0 0 0 0 -"
[22:27:13.491]  FBB→TNC  ch=3  STATS  "L"
[22:27:13.540]  TNC→FBB  ch=3  PARAM  "0 0 0 0 0 0 -"
[22:27:13.541]  FBB→TNC  ch=4  STATS  "L"
[22:27:13.567]  TNC→FBB  ch=4  PARAM  "0 0 0 0 0 0 -"
[22:27:13.567]  FBB→TNC  ch=0  STATS  "L"
[22:27:13.592]  TNC→FBB  ch=0  PARAM  "0 0 0 0 0 0 -"
[22:27:13.593]  FBB→TNC  ch=1  STATS  "L"
[22:27:13.623]  TNC→FBB  ch=1  PARAM  "0 0 0 0 0 1 NL1MVV"
[22:27:13.624]  FBB→TNC  ch=2  STATS  "L"
[22:27:13.649]  TNC→FBB  ch=2  PARAM  "0 0 0 0 0 0 -"
[22:27:13.649]  FBB→TNC  ch=3  STATS  "L"
[22:27:13.674]  TNC→FBB  ch=3  PARAM  "0 0 0 0 0 0 -"
[22:27:13.675]  FBB→TNC  ch=4  STATS  "L"
[22:27:13.700]  TNC→FBB  ch=4  PARAM  "0 0 0 0 0 0 -"
[22:27:13.704]  FBB→TNC  ch=0  STATS  "L"
[22:27:13.729]  TNC→FBB  ch=0  PARAM  "0 0 0 0 0 0 -"
[22:27:13.733]  FBB→TNC  ch=1  STATS  "L"
[22:27:13.764]  TNC→FBB  ch=1  PARAM  "0 0 0 0 0 1 NL1MVV"
[22:27:13.764]  FBB→TNC  ch=2  STATS  "L"
[22:27:13.790]  TNC→FBB  ch=2  PARAM  "0 0 0 0 0 0 -"
[22:27:13.791]  FBB→TNC  ch=3  STATS  "L"
[22:27:13.816]  TNC→FBB  ch=3  PARAM  "0 0 0 0 0 0 -"
[22:27:13.816]  FBB→TNC  ch=4  STATS  "L"
[22:27:13.842]  TNC→FBB  ch=4  PARAM  "0 0 0 0 0 0 -"
[22:27:13.843]  FBB→TNC  ch=0  STATS  "L"
[22:27:13.867]  TNC→FBB  ch=0  PARAM  "0 0 0 0 0 0 -"
[22:27:13.871]  FBB→TNC  ch=1  STATS  "L"
[22:27:13.902]  TNC→FBB  ch=1  PARAM  "0 0 0 0 0 1 NL1MVV"
[22:27:13.902]  FBB→TNC  ch=2  STATS  "L"
[22:27:13.927]  TNC→FBB  ch=2  PARAM  "0 0 0 0 0 0 -"
[22:27:13.934]  FBB→TNC  ch=3  STATS  "L"
[22:27:13.959]  TNC→FBB  ch=3  PARAM  "0 0 0 0 0 0 -"
[22:27:13.963]  FBB→TNC  ch=4  STATS  "L"
[22:27:13.988]  TNC→FBB  ch=4  PARAM  "0 0 0 0 0 0 -"
[22:27:13.989]  FBB→TNC  ch=0  STATS  "L"
[22:27:14.014]  TNC→FBB  ch=0  PARAM  "0 0 0 0 0 0 -"
[22:27:14.015]  FBB→TNC  ch=1  STATS  "L"
[22:27:14.046]  TNC→FBB  ch=1  PARAM  "0 0 0 0 0 1 NL1MVV"
[22:27:14.047]  FBB→TNC  ch=2  STATS  "L"
[22:27:14.073]  TNC→FBB  ch=2  PARAM  "0 0 0 0 0 0 -"
[22:27:14.074]  FBB→TNC  ch=3  STATS  "L"
[22:27:14.099]  TNC→FBB  ch=3  PARAM  "0 0 0 0 0 0 -"
[22:27:14.101]  FBB→TNC  ch=4  STATS  "L"
[22:27:14.127]  TNC→FBB  ch=4  PARAM  "0 0 0 0 0 0 -"
[22:27:14.130]  FBB→TNC  ch=0  STATS  "L"
[22:27:14.156]  TNC→FBB  ch=0  PARAM  "0 0 0 0 0 0 -"
[22:27:14.162]  FBB→TNC  ch=1  STATS  "L"
[22:27:14.191]  TNC→FBB  ch=1  PARAM  "0 0 0 0 0 1 NL1MVV"
[22:27:14.191]  FBB→TNC  ch=2  STATS  "L"
[22:27:14.217]  TNC→FBB  ch=2  PARAM  "0 0 0 0 0 0 -"
[22:27:14.217]  FBB→TNC  ch=3  STATS  "L"
[22:27:14.242]  TNC→FBB  ch=3  PARAM  "0 0 0 0 0 0 -"
[22:27:14.243]  FBB→TNC  ch=4  STATS  "L"
[22:27:14.268]  TNC→FBB  ch=4  PARAM  "0 0 0 0 0 0 -"
[22:27:14.269]  FBB→TNC  ch=0  STATS  "L"
[22:27:14.294]  TNC→FBB  ch=0  PARAM  "0 0 0 0 0 0 -"
[22:27:14.295]  FBB→TNC  ch=1  STATS  "L"
[22:27:14.325]  TNC→FBB  ch=1  PARAM  "0 0 0 0 0 1 NL1MVV"
[22:27:14.327]  FBB→TNC  ch=1  FREEBUF  "@B"
[22:27:14.344]  TNC→FBB  ch=1  PARAM  "840"
[22:27:14.346]  FBB→TNC  ch=2  STATS  "L"
[22:27:14.371]  TNC→FBB  ch=2  PARAM  "0 0 0 0 0 0 -"
[22:27:14.372]  FBB→TNC  ch=3  STATS  "L"
[22:27:14.398]  TNC→FBB  ch=3  PARAM  "0 0 0 0 0 0 -"
[22:27:14.399]  FBB→TNC  ch=4  STATS  "L"
[22:27:14.425]  TNC→FBB  ch=4  PARAM  "0 0 0 0 0 0 -"
[22:27:14.426]  FBB→TNC  ch=0  STATS  "L"
[22:27:14.451]  TNC→FBB  ch=0  PARAM  "0 0 0 0 0 0 -"
[22:27:14.455]  FBB→TNC  ch=1  STATS  "L"
[22:27:14.485]  TNC→FBB  ch=1  PARAM  "0 0 0 0 0 1 NL1MVV"
[22:27:14.485]  FBB→TNC  ch=2  STATS  "L"
[22:27:14.540]  TNC→FBB  ch=2  PARAM  "0 0 0 0 0 0 -"
[22:27:14.541]  FBB→TNC  ch=3  STATS  "L"
[22:27:14.566]  TNC→FBB  ch=3  PARAM  "0 0 0 0 0 0 -"
[22:27:14.567]  FBB→TNC  ch=4  STATS  "L"
[22:27:14.592]  TNC→FBB  ch=4  PARAM  "0 0 0 0 0 0 -"
[22:27:14.592]  FBB→TNC  ch=0  STATS  "L"
[22:27:14.617]  TNC→FBB  ch=0  PARAM  "0 0 0 0 0 0 -"
[22:27:14.618]  FBB→TNC  ch=1  STATS  "L"
[22:27:14.648]  TNC→FBB  ch=1  PARAM  "0 0 0 0 0 1 NL1MVV"
[22:27:14.649]  FBB→TNC  ch=2  STATS  "L"
[22:27:14.674]  TNC→FBB  ch=2  PARAM  "0 0 0 0 0 0 -"
[22:27:14.678]  FBB→TNC  ch=3  STATS  "L"
[22:27:14.702]  TNC→FBB  ch=3  PARAM  "0 0 0 0 0 0 -"
[22:27:14.703]  FBB→TNC  ch=4  STATS  "L"
[22:27:14.727]  TNC→FBB  ch=4  PARAM  "0 0 0 0 0 0 -"
[22:27:14.728]  FBB→TNC  ch=0  STATS  "L"
[22:27:14.753]  TNC→FBB  ch=0  PARAM  "0 0 0 0 0 0 -"
[22:27:14.754]  FBB→TNC  ch=1  STATS  "L"
[22:27:14.784]  TNC→FBB  ch=1  PARAM  "0 0 0 0 0 1 NL1MVV"
[22:27:14.789]  FBB→TNC  ch=2  STATS  "L"
[22:27:14.814]  TNC→FBB  ch=2  PARAM  "0 0 0 0 0 0 -"
[22:27:14.815]  FBB→TNC  ch=3  STATS  "L"
[22:27:14.843]  TNC→FBB  ch=3  PARAM  "0 0 0 0 0 0 -"
[22:27:14.845]  FBB→TNC  ch=4  STATS  "L"
[22:27:14.871]  TNC→FBB  ch=4  PARAM  "0 0 0 0 0 0 -"
[22:27:14.871]  FBB→TNC  ch=0  STATS  "L"
[22:27:14.896]  TNC→FBB  ch=0  PARAM  "0 0 0 0 0 0 -"
[22:27:14.897]  FBB→TNC  ch=1  STATS  "L"
[22:27:14.927]  TNC→FBB  ch=1  PARAM  "0 0 0 0 0 1 NL1MVV"
[22:27:14.930]  FBB→TNC  ch=2  STATS  "L"
[22:27:14.956]  TNC→FBB  ch=2  PARAM  "0 0 0 0 0 0 -"
[22:27:14.956]  FBB→TNC  ch=3  STATS  "L"
[22:27:14.982]  TNC→FBB  ch=3  PARAM  "0 0 0 0 0 0 -"
[22:27:14.982]  FBB→TNC  ch=4  STATS  "L"
[22:27:15.008]  TNC→FBB  ch=4  PARAM  "0 0 0 0 0 0 -"
[22:27:15.008]  FBB→TNC  ch=0  STATS  "L"
[22:27:15.034]  TNC→FBB  ch=0  PARAM  "0 0 0 0 0 0 -"
[22:27:15.035]  FBB→TNC  ch=1  STATS  "L"
[22:27:15.065]  TNC→FBB  ch=1  PARAM  "0 0 0 0 0 1 NL1MVV"
[22:27:15.066]  FBB→TNC  ch=2  STATS  "L"
[22:27:15.091]  TNC→FBB  ch=2  PARAM  "0 0 0 0 0 0 -"
[22:27:15.092]  FBB→TNC  ch=3  STATS  "L"
[22:27:15.117]  TNC→FBB  ch=3  PARAM  "0 0 0 0 0 0 -"
[22:27:15.119]  FBB→TNC  ch=4  STATS  "L"
[22:27:15.143]  TNC→FBB  ch=4  PARAM  "0 0 0 0 0 0 -"
[22:27:15.144]  FBB→TNC  ch=0  STATS  "L"
[22:27:15.169]  TNC→FBB  ch=0  PARAM  "0 0 0 0 0 0 -"
[22:27:15.171]  FBB→TNC  ch=1  STATS  "L"
[22:27:15.201]  TNC→FBB  ch=1  PARAM  "0 0 0 0 0 1 NL1MVV"
[22:27:15.201]  FBB→TNC  ch=2  STATS  "L"
[22:27:15.227]  TNC→FBB  ch=2  PARAM  "0 0 0 0 0 0 -"
[22:27:15.227]  FBB→TNC  ch=3  STATS  "L"
[22:27:15.252]  TNC→FBB  ch=3  PARAM  "0 0 0 0 0 0 -"
[22:27:15.253]  FBB→TNC  ch=4  STATS  "L"
[22:27:15.279]  TNC→FBB  ch=4  PARAM  "0 0 0 0 0 0 -"
[22:27:15.279]  FBB→TNC  ch=0  STATS  "L"
[22:27:15.304]  TNC→FBB  ch=0  PARAM  "0 0 0 0 0 0 -"
[22:27:15.305]  FBB→TNC  ch=1  STATS  "L"
[22:27:15.336]  TNC→FBB  ch=1  PARAM  "0 0 0 0 0 1 NL1MVV"
[22:27:15.337]  FBB→TNC  ch=2  STATS  "L"
[22:27:15.362]  TNC→FBB  ch=2  PARAM  "0 0 0 0 0 0 -"
[22:27:15.363]  FBB→TNC  ch=3  STATS  "L"
[22:27:15.388]  TNC→FBB  ch=3  PARAM  "0 0 0 0 0 0 -"
[22:27:15.390]  FBB→TNC  ch=4  STATS  "L"
[22:27:15.415]  TNC→FBB  ch=4  PARAM  "0 0 0 0 0 0 -"
[22:27:15.415]  FBB→TNC  ch=0  STATS  "L"
[22:27:15.441]  TNC→FBB  ch=0  PARAM  "0 0 0 0 0 0 -"
[22:27:15.441]  FBB→TNC  ch=1  STATS  "L"
[22:27:15.472]  TNC→FBB  ch=1  PARAM  "0 0 0 0 0 1 NL1MVV"
[22:27:15.473]  FBB→TNC  ch=2  STATS  "L"
[22:27:15.499]  TNC→FBB  ch=2  PARAM  "0 0 0 0 0 0 -"
[22:27:15.500]  FBB→TNC  ch=3  STATS  "L"
[22:27:15.539]  TNC→FBB  ch=3  PARAM  "0 0 0 0 0 0 -"
[22:27:15.543]  FBB→TNC  ch=4  STATS  "L"
[22:27:15.568]  TNC→FBB  ch=4  PARAM  "0 0 0 0 0 0 -"
[22:27:15.569]  FBB→TNC  ch=0  STATS  "L"
[22:27:15.594]  TNC→FBB  ch=0  PARAM  "0 0 0 0 0 0 -"
[22:27:15.594]  FBB→TNC  ch=1  STATS  "L"
[22:27:15.625]  TNC→FBB  ch=1  PARAM  "0 0 0 0 0 1 NL1MVV"
[22:27:15.626]  FBB→TNC  ch=2  STATS  "L"
[22:27:15.651]  TNC→FBB  ch=2  PARAM  "0 0 0 0 0 0 -"
[22:27:15.652]  FBB→TNC  ch=3  STATS  "L"
[22:27:15.677]  TNC→FBB  ch=3  PARAM  "0 0 0 0 0 0 -"
[22:27:15.677]  FBB→TNC  ch=4  STATS  "L"
[22:27:15.702]  TNC→FBB  ch=4  PARAM  "0 0 0 0 0 0 -"
[22:27:15.702]  FBB→TNC  ch=0  STATS  "L"
[22:27:15.728]  TNC→FBB  ch=0  PARAM  "0 0 0 0 0 0 -"
[22:27:15.729]  FBB→TNC  ch=1  STATS  "L"
[22:27:15.759]  TNC→FBB  ch=1  PARAM  "0 0 0 0 0 1 NL1MVV"
[22:27:15.761]  FBB→TNC  ch=1  FREEBUF  "@B"
[22:27:15.776]  TNC→FBB  ch=1  PARAM  "840"
[22:27:15.777]  FBB→TNC  ch=2  STATS  "L"
[22:27:15.802]  TNC→FBB  ch=2  PARAM  "0 0 0 0 0 0 -"
[22:27:15.802]  FBB→TNC  ch=3  STATS  "L"
[22:27:15.827]  TNC→FBB  ch=3  PARAM  "0 0 0 0 0 0 -"
[22:27:15.828]  FBB→TNC  ch=4  STATS  "L"
[22:27:15.853]  TNC→FBB  ch=4  PARAM  "0 0 0 0 0 0 -"
[22:27:15.854]  FBB→TNC  ch=0  STATS  "L"
[22:27:15.879]  TNC→FBB  ch=0  PARAM  "0 0 0 0 0 0 -"
[22:27:15.880]  FBB→TNC  ch=1  STATS  "L"
[22:27:15.910]  TNC→FBB  ch=1  PARAM  "0 0 0 0 0 1 NL1MVV"
[22:27:15.911]  FBB→TNC  ch=2  STATS  "L"
[22:27:15.936]  TNC→FBB  ch=2  PARAM  "0 0 0 0 0 0 -"
[22:27:15.941]  FBB→TNC  ch=3  STATS  "L"
[22:27:15.966]  TNC→FBB  ch=3  PARAM  "0 0 0 0 0 0 -"
[22:27:15.968]  FBB→TNC  ch=4  STATS  "L"
[22:27:15.994]  TNC→FBB  ch=4  PARAM  "0 0 0 0 0 0 -"
[22:27:15.995]  FBB→TNC  ch=0  STATS  "L"
[22:27:16.020]  TNC→FBB  ch=0  PARAM  "0 0 0 0 0 0 -"
[22:27:16.020]  FBB→TNC  ch=1  STATS  "L"
[22:27:16.050]  TNC→FBB  ch=1  PARAM  "0 0 0 0 0 1 NL1MVV"
[22:27:16.050]  FBB→TNC  ch=2  STATS  "L"
[22:27:16.075]  TNC→FBB  ch=2  PARAM  "0 0 0 0 0 0 -"
[22:27:16.077]  FBB→TNC  ch=3  STATS  "L"
[22:27:16.102]  TNC→FBB  ch=3  PARAM  "0 0 0 0 0 0 -"
[22:27:16.103]  FBB→TNC  ch=4  STATS  "L"
[22:27:16.128]  TNC→FBB  ch=4  PARAM  "0 0 0 0 0 0 -"
[22:27:16.129]  FBB→TNC  ch=0  STATS  "L"
[22:27:16.154]  TNC→FBB  ch=0  PARAM  "0 0 0 0 0 0 -"
[22:27:16.154]  FBB→TNC  ch=1  STATS  "L"
[22:27:16.184]  TNC→FBB  ch=1  PARAM  "0 0 0 0 0 1 NL1MVV"
[22:27:16.185]  FBB→TNC  ch=2  STATS  "L"
[22:27:16.211]  TNC→FBB  ch=2  PARAM  "0 0 0 0 0 0 -"
[22:27:16.216]  FBB→TNC  ch=3  STATS  "L"
[22:27:16.241]  TNC→FBB  ch=3  PARAM  "0 0 0 0 0 0 -"
[22:27:16.248]  FBB→TNC  ch=4  STATS  "L"
[22:27:16.271]  TNC→FBB  ch=4  PARAM  "0 0 0 0 0 0 -"
[22:27:16.276]  FBB→TNC  ch=0  STATS  "L"
[22:27:16.301]  TNC→FBB  ch=0  PARAM  "0 0 0 0 0 0 -"
[22:27:16.301]  FBB→TNC  ch=1  STATS  "L"
[22:27:16.331]  TNC→FBB  ch=1  PARAM  "0 0 0 0 0 1 NL1MVV"
[22:27:16.331]  FBB→TNC  ch=2  STATS  "L"
[22:27:16.357]  TNC→FBB  ch=2  PARAM  "0 0 0 0 0 0 -"
[22:27:16.357]  FBB→TNC  ch=3  STATS  "L"
[22:27:16.382]  TNC→FBB  ch=3  PARAM  "0 0 0 0 0 0 -"
[22:27:16.383]  FBB→TNC  ch=4  STATS  "L"
[22:27:16.408]  TNC→FBB  ch=4  PARAM  "0 0 0 0 0 0 -"
[22:27:16.409]  FBB→TNC  ch=0  STATS  "L"
[22:27:16.434]  TNC→FBB  ch=0  PARAM  "0 0 0 0 0 0 -"
[22:27:16.435]  FBB→TNC  ch=1  STATS  "L"
[22:27:16.466]  TNC→FBB  ch=1  PARAM  "0 0 0 0 0 1 NL1MVV"
[22:27:16.466]  FBB→TNC  ch=2  STATS  "L"
[22:27:16.491]  TNC→FBB  ch=2  PARAM  "0 0 0 0 0 0 -"
[22:27:16.493]  FBB→TNC  ch=3  STATS  "L"
[22:27:16.539]  TNC→FBB  ch=3  PARAM  "0 0 0 0 0 0 -"
[22:27:16.540]  FBB→TNC  ch=4  STATS  "L"
[22:27:16.565]  TNC→FBB  ch=4  PARAM  "0 0 0 0 0 0 -"
[22:27:16.566]  FBB→TNC  ch=0  STATS  "L"
[22:27:16.592]  TNC→FBB  ch=0  PARAM  "0 0 0 0 0 0 -"
[22:27:16.592]  FBB→TNC  ch=1  STATS  "L"
[22:27:16.623]  TNC→FBB  ch=1  PARAM  "0 0 0 0 0 1 NL1MVV"
[22:27:16.623]  FBB→TNC  ch=2  STATS  "L"
[22:27:16.648]  TNC→FBB  ch=2  PARAM  "0 0 0 0 0 0 -"
[22:27:16.649]  FBB→TNC  ch=3  STATS  "L"
[22:27:16.675]  TNC→FBB  ch=3  PARAM  "0 0 0 0 0 0 -"
[22:27:16.677]  FBB→TNC  ch=4  STATS  "L"
[22:27:16.703]  TNC→FBB  ch=4  PARAM  "0 0 0 0 0 0 -"
[22:27:16.704]  FBB→TNC  ch=0  STATS  "L"
[22:27:16.729]  TNC→FBB  ch=0  PARAM  "0 0 0 0 0 0 -"
[22:27:16.730]  FBB→TNC  ch=1  STATS  "L"
[22:27:16.761]  TNC→FBB  ch=1  PARAM  "0 0 0 0 0 1 NL1MVV"
[22:27:16.764]  FBB→TNC  ch=2  STATS  "L"
[22:27:16.790]  TNC→FBB  ch=2  PARAM  "0 0 0 0 0 0 -"
[22:27:16.795]  FBB→TNC  ch=3  STATS  "L"
[22:27:16.821]  TNC→FBB  ch=3  PARAM  "0 0 0 0 0 0 -"
[22:27:16.822]  FBB→TNC  ch=4  STATS  "L"
[22:27:16.847]  TNC→FBB  ch=4  PARAM  "0 0 0 0 0 0 -"
[22:27:16.847]  FBB→TNC  ch=0  STATS  "L"
[22:27:16.875]  TNC→FBB  ch=0  PARAM  "0 0 0 0 0 0 -"
[22:27:16.878]  FBB→TNC  ch=1  STATS  "L"
[22:27:16.908]  TNC→FBB  ch=1  PARAM  "0 0 0 0 0 1 NL1MVV"
[22:27:16.909]  FBB→TNC  ch=2  STATS  "L"
[22:27:16.934]  TNC→FBB  ch=2  PARAM  "0 0 0 0 0 0 -"
[22:27:16.935]  FBB→TNC  ch=3  STATS  "L"
[22:27:16.961]  TNC→FBB  ch=3  PARAM  "0 0 0 0 0 0 -"
[22:27:16.963]  FBB→TNC  ch=4  STATS  "L"
[22:27:16.989]  TNC→FBB  ch=4  PARAM  "0 0 0 0 0 0 -"
[22:27:16.994]  FBB→TNC  ch=0  STATS  "L"
[22:27:17.019]  TNC→FBB  ch=0  PARAM  "0 0 0 0 0 0 -"
[22:27:17.019]  FBB→TNC  ch=1  STATS  "L"
[22:27:17.049]  TNC→FBB  ch=1  PARAM  "0 0 0 0 0 1 NL1MVV"
[22:27:17.049]  FBB→TNC  ch=2  STATS  "L"
[22:27:17.074]  TNC→FBB  ch=2  PARAM  "0 0 0 0 0 0 -"
[22:27:17.075]  FBB→TNC  ch=3  STATS  "L"
[22:27:17.100]  TNC→FBB  ch=3  PARAM  "0 0 0 0 0 0 -"
[22:27:17.101]  FBB→TNC  ch=4  STATS  "L"
[22:27:17.126]  TNC→FBB  ch=4  PARAM  "0 0 0 0 0 0 -"
[22:27:17.128]  FBB→TNC  ch=0  STATS  "L"
[22:27:17.153]  TNC→FBB  ch=0  PARAM  "0 0 0 0 0 0 -"
[22:27:17.153]  FBB→TNC  ch=1  STATS  "L"
[22:27:17.184]  TNC→FBB  ch=1  PARAM  "0 0 0 0 0 1 NL1MVV"
[22:27:17.185]  FBB→TNC  ch=1  FREEBUF  "@B"
[22:27:17.201]  TNC→FBB  ch=1  PARAM  "840"
[22:27:17.202]  FBB→TNC  ch=2  STATS  "L"
[22:27:17.227]  TNC→FBB  ch=2  PARAM  "0 0 0 0 0 0 -"
[22:27:17.227]  FBB→TNC  ch=3  STATS  "L"
[22:27:17.253]  TNC→FBB  ch=3  PARAM  "0 0 0 0 0 0 -"
[22:27:17.253]  FBB→TNC  ch=4  STATS  "L"
[22:27:17.278]  TNC→FBB  ch=4  PARAM  "0 0 0 0 0 0 -"
[22:27:17.283]  FBB→TNC  ch=0  STATS  "L"
[22:27:17.309]  TNC→FBB  ch=0  PARAM  "0 0 0 0 0 0 -"
[22:27:17.309]  FBB→TNC  ch=1  STATS  "L"
[22:27:17.339]  TNC→FBB  ch=1  PARAM  "0 0 0 0 0 1 NL1MVV"
[22:27:17.340]  FBB→TNC  ch=2  STATS  "L"
[22:27:17.365]  TNC→FBB  ch=2  PARAM  "0 0 0 0 0 0 -"
[22:27:17.366]  FBB→TNC  ch=3  STATS  "L"
[22:27:17.392]  TNC→FBB  ch=3  PARAM  "0 0 0 0 0 0 -"
[22:27:17.393]  FBB→TNC  ch=4  STATS  "L"
[22:27:17.418]  TNC→FBB  ch=4  PARAM  "0 0 0 0 0 0 -"
[22:27:17.419]  FBB→TNC  ch=0  STATS  "L"
[22:27:17.444]  TNC→FBB  ch=0  PARAM  "0 0 0 0 0 0 -"
[22:27:17.445]  FBB→TNC  ch=1  STATS  "L"
[22:27:17.475]  TNC→FBB  ch=1  PARAM  "0 0 0 0 0 1 NL1MVV"
[22:27:17.476]  FBB→TNC  ch=2  STATS  "L"
[22:27:17.501]  TNC→FBB  ch=2  PARAM  "0 0 0 0 0 0 -"
[22:27:17.502]  FBB→TNC  ch=3  STATS  "L"
[22:27:17.539]  TNC→FBB  ch=3  PARAM  "0 0 0 0 0 0 -"
[22:27:17.541]  FBB→TNC  ch=4  STATS  "L"
[22:27:17.566]  TNC→FBB  ch=4  PARAM  "0 0 0 0 0 0 -"
[22:27:17.566]  FBB→TNC  ch=0  STATS  "L"
[22:27:17.592]  TNC→FBB  ch=0  PARAM  "0 0 0 0 0 0 -"
[22:27:17.592]  FBB→TNC  ch=1  STATS  "L"
[22:27:17.623]  TNC→FBB  ch=1  PARAM  "0 0 0 0 0 1 NL1MVV"
[22:27:17.623]  FBB→TNC  ch=2  STATS  "L"
[22:27:17.648]  TNC→FBB  ch=2  PARAM  "0 0 0 0 0 0 -"
[22:27:17.649]  FBB→TNC  ch=3  STATS  "L"
[22:27:17.673]  TNC→FBB  ch=3  PARAM  "0 0 0 0 0 0 -"
[22:27:17.674]  FBB→TNC  ch=4  STATS  "L"
[22:27:17.699]  TNC→FBB  ch=4  PARAM  "0 0 0 0 0 0 -"
[22:27:17.700]  FBB→TNC  ch=0  STATS  "L"
[22:27:17.727]  TNC→FBB  ch=0  PARAM  "0 0 0 0 0 0 -"
[22:27:17.727]  FBB→TNC  ch=1  STATS  "L"
[22:27:17.757]  TNC→FBB  ch=1  PARAM  "0 0 0 0 0 1 NL1MVV"
[22:27:17.758]  FBB→TNC  ch=2  STATS  "L"
[22:27:17.783]  TNC→FBB  ch=2  PARAM  "0 0 0 0 0 0 -"
[22:27:17.785]  FBB→TNC  ch=3  STATS  "L"
[22:27:17.811]  TNC→FBB  ch=3  PARAM  "0 0 0 0 0 0 -"
[22:27:17.812]  FBB→TNC  ch=4  STATS  "L"
[22:27:17.837]  TNC→FBB  ch=4  PARAM  "0 0 0 0 0 0 -"
[22:27:17.838]  FBB→TNC  ch=0  STATS  "L"
[22:27:17.863]  TNC→FBB  ch=0  PARAM  "0 0 0 0 0 0 -"
[22:27:17.865]  FBB→TNC  ch=1  STATS  "L"
[22:27:17.896]  TNC→FBB  ch=1  PARAM  "0 0 0 0 0 1 NL1MVV"
[22:27:17.896]  FBB→TNC  ch=2  STATS  "L"
[22:27:17.922]  TNC→FBB  ch=2  PARAM  "0 0 0 0 0 0 -"
[22:27:17.922]  FBB→TNC  ch=3  STATS  "L"
[22:27:17.948]  TNC→FBB  ch=3  PARAM  "0 0 0 0 0 0 -"
[22:27:17.948]  FBB→TNC  ch=4  STATS  "L"
[22:27:17.974]  TNC→FBB  ch=4  PARAM  "0 0 0 0 0 0 -"
[22:27:17.975]  FBB→TNC  ch=0  STATS  "L"
[22:27:18.001]  TNC→FBB  ch=0  PARAM  "0 0 0 0 0 0 -"
[22:27:18.001]  FBB→TNC  ch=1  STATS  "L"
[22:27:18.031]  TNC→FBB  ch=1  PARAM  "0 0 0 0 0 1 NL1MVV"
[22:27:18.031]  FBB→TNC  ch=2  STATS  "L"
[22:27:18.057]  TNC→FBB  ch=2  PARAM  "0 0 0 0 0 0 -"
[22:27:18.059]  FBB→TNC  ch=3  STATS  "L"
[22:27:18.085]  TNC→FBB  ch=3  PARAM  "0 0 0 0 0 0 -"
[22:27:18.086]  FBB→TNC  ch=4  STATS  "L"
[22:27:18.111]  TNC→FBB  ch=4  PARAM  "0 0 0 0 0 0 -"
[22:27:18.111]  FBB→TNC  ch=0  STATS  "L"
[22:27:18.136]  TNC→FBB  ch=0  PARAM  "0 0 0 0 0 0 -"
[22:27:18.137]  FBB→TNC  ch=1  STATS  "L"
[22:27:18.168]  TNC→FBB  ch=1  PARAM  "0 0 0 0 0 1 NL1MVV"
[22:27:18.168]  FBB→TNC  ch=2  STATS  "L"
[22:27:18.194]  TNC→FBB  ch=2  PARAM  "0 0 0 0 0 0 -"
[22:27:18.200]  FBB→TNC  ch=3  STATS  "L"
[22:27:18.225]  TNC→FBB  ch=3  PARAM  "0 0 0 0 0 0 -"
[22:27:18.228]  FBB→TNC  ch=4  STATS  "L"
[22:27:18.253]  TNC→FBB  ch=4  PARAM  "0 0 0 0 0 0 -"
[22:27:18.254]  FBB→TNC  ch=0  STATS  "L"
[22:27:18.280]  TNC→FBB  ch=0  PARAM  "0 0 0 0 0 0 -"
[22:27:18.280]  FBB→TNC  ch=1  STATS  "L"
[22:27:18.310]  TNC→FBB  ch=1  PARAM  "0 0 0 0 0 1 NL1MVV"
[22:27:18.310]  FBB→TNC  ch=2  STATS  "L"
[22:27:18.336]  TNC→FBB  ch=2  PARAM  "0 0 0 0 0 0 -"
[22:27:18.336]  FBB→TNC  ch=3  STATS  "L"
[22:27:18.361]  TNC→FBB  ch=3  PARAM  "0 0 0 0 0 0 -"
[22:27:18.361]  FBB→TNC  ch=4  STATS  "L"
[22:27:18.386]  TNC→FBB  ch=4  PARAM  "0 0 0 0 0 0 -"
[22:27:18.387]  FBB→TNC  ch=0  STATS  "L"
[22:27:18.412]  TNC→FBB  ch=0  PARAM  "0 0 0 0 0 0 -"
[22:27:18.413]  FBB→TNC  ch=1  STATS  "L"
[22:27:18.443]  TNC→FBB  ch=1  PARAM  "0 0 0 0 0 1 NL1MVV"
[22:27:18.444]  FBB→TNC  ch=2  STATS  "L"
[22:27:18.469]  TNC→FBB  ch=2  PARAM  "0 0 0 0 0 0 -"
[22:27:18.470]  FBB→TNC  ch=3  STATS  "L"
[22:27:18.496]  TNC→FBB  ch=3  PARAM  "0 0 0 0 0 0 -"
[22:27:18.497]  FBB→TNC  ch=4  STATS  "L"
[22:27:18.541]  TNC→FBB  ch=4  PARAM  "0 0 0 0 0 0 -"
[22:27:18.541]  FBB→TNC  ch=0  STATS  "L"
[22:27:18.566]  TNC→FBB  ch=0  PARAM  "0 0 0 0 0 0 -"
[22:27:18.566]  FBB→TNC  ch=1  STATS  "L"
[22:27:18.597]  TNC→FBB  ch=1  PARAM  "0 0 0 0 0 1 NL1MVV"
[22:27:18.598]  FBB→TNC  ch=1  FREEBUF  "@B"
[22:27:18.614]  TNC→FBB  ch=1  PARAM  "840"
[22:27:18.614]  FBB→TNC  ch=2  STATS  "L"
[22:27:18.639]  TNC→FBB  ch=2  PARAM  "0 0 0 0 0 0 -"
[22:27:18.640]  FBB→TNC  ch=3  STATS  "L"
[22:27:18.665]  TNC→FBB  ch=3  PARAM  "0 0 0 0 0 0 -"
[22:27:18.668]  FBB→TNC  ch=4  STATS  "L"
[22:27:18.693]  TNC→FBB  ch=4  PARAM  "0 0 0 0 0 0 -"
[22:27:18.694]  FBB→TNC  ch=0  STATS  "L"
[22:27:18.719]  TNC→FBB  ch=0  PARAM  "0 0 0 0 0 0 -"
[22:27:18.719]  FBB→TNC  ch=1  STATS  "L"
[22:27:18.750]  TNC→FBB  ch=1  PARAM  "0 0 0 0 0 1 NL1MVV"
[22:27:18.750]  FBB→TNC  ch=2  STATS  "L"
[22:27:18.776]  TNC→FBB  ch=2  PARAM  "0 0 0 0 0 0 -"
[22:27:18.778]  FBB→TNC  ch=3  STATS  "L"
[22:27:18.803]  TNC→FBB  ch=3  PARAM  "0 0 0 0 0 0 -"
[22:27:18.803]  FBB→TNC  ch=4  STATS  "L"
[22:27:18.831]  TNC→FBB  ch=4  PARAM  "0 0 0 0 0 0 -"
[22:27:18.837]  FBB→TNC  ch=0  STATS  "L"
[22:27:18.863]  TNC→FBB  ch=0  PARAM  "0 0 0 0 0 0 -"
[22:27:18.866]  FBB→TNC  ch=1  STATS  "L"
[22:27:18.895]  TNC→FBB  ch=1  PARAM  "0 0 0 0 0 1 NL1MVV"
[22:27:18.896]  FBB→TNC  ch=2  STATS  "L"
[22:27:18.922]  TNC→FBB  ch=2  PARAM  "0 0 0 0 0 0 -"
[22:27:18.926]  FBB→TNC  ch=3  STATS  "L"
[22:27:18.954]  TNC→FBB  ch=3  PARAM  "0 0 0 0 0 0 -"
[22:27:18.957]  FBB→TNC  ch=4  STATS  "L"
[22:27:18.982]  TNC→FBB  ch=4  PARAM  "0 0 0 0 0 0 -"
[22:27:18.983]  FBB→TNC  ch=0  STATS  "L"
[22:27:19.008]  TNC→FBB  ch=0  PARAM  "0 0 0 0 0 0 -"
[22:27:19.009]  FBB→TNC  ch=1  STATS  "L"
[22:27:19.039]  TNC→FBB  ch=1  PARAM  "0 0 0 0 0 1 NL1MVV"
[22:27:19.040]  FBB→TNC  ch=2  STATS  "L"
[22:27:19.067]  TNC→FBB  ch=2  PARAM  "0 0 0 0 0 0 -"
[22:27:19.068]  FBB→TNC  ch=3  STATS  "L"
[22:27:19.095]  TNC→FBB  ch=3  PARAM  "0 0 0 0 0 0 -"
[22:27:19.096]  FBB→TNC  ch=4  STATS  "L"
[22:27:19.122]  TNC→FBB  ch=4  PARAM  "0 0 0 0 0 0 -"
[22:27:19.122]  FBB→TNC  ch=0  STATS  "L"
[22:27:19.146]  TNC→FBB  ch=0  PARAM  "0 0 0 0 0 0 -"
[22:27:19.147]  FBB→TNC  ch=1  STATS  "L"
[22:27:19.179]  TNC→FBB  ch=1  PARAM  "0 0 0 0 0 1 NL1MVV"
[22:27:19.181]  FBB→TNC  ch=2  STATS  "L"
[22:27:19.207]  TNC→FBB  ch=2  PARAM  "0 0 0 0 0 0 -"
[22:27:19.207]  FBB→TNC  ch=3  STATS  "L"
[22:27:19.232]  TNC→FBB  ch=3  PARAM  "0 0 0 0 0 0 -"
[22:27:19.235]  FBB→TNC  ch=4  STATS  "L"
[22:27:19.259]  TNC→FBB  ch=4  PARAM  "0 0 0 0 0 0 -"
[22:27:19.262]  FBB→TNC  ch=0  STATS  "L"
[22:27:19.288]  TNC→FBB  ch=0  PARAM  "0 0 0 0 0 0 -"
[22:27:19.295]  FBB→TNC  ch=1  STATS  "L"
[22:27:19.326]  TNC→FBB  ch=1  PARAM  "0 0 0 0 0 1 NL1MVV"
[22:27:19.329]  FBB→TNC  ch=2  STATS  "L"
[22:27:19.355]  TNC→FBB  ch=2  PARAM  "0 0 0 0 0 0 -"
[22:27:19.356]  FBB→TNC  ch=3  STATS  "L"
[22:27:19.381]  TNC→FBB  ch=3  PARAM  "0 0 0 0 0 0 -"
[22:27:19.381]  FBB→TNC  ch=4  STATS  "L"
[22:27:19.406]  TNC→FBB  ch=4  PARAM  "0 0 0 0 0 0 -"
[22:27:19.407]  FBB→TNC  ch=0  STATS  "L"
[22:27:19.433]  TNC→FBB  ch=0  PARAM  "0 0 0 0 0 0 -"
[22:27:19.433]  FBB→TNC  ch=1  STATS  "L"
[22:27:19.463]  TNC→FBB  ch=1  PARAM  "0 0 0 0 0 1 NL1MVV"
[22:27:19.464]  FBB→TNC  ch=2  STATS  "L"
[22:27:19.489]  TNC→FBB  ch=2  PARAM  "0 0 0 0 0 0 -"
[22:27:19.490]  FBB→TNC  ch=3  STATS  "L"
[22:27:19.541]  TNC→FBB  ch=3  PARAM  "0 0 0 0 0 0 -"
[22:27:19.541]  FBB→TNC  ch=4  STATS  "L"
[22:27:19.566]  TNC→FBB  ch=4  PARAM  "0 0 0 0 0 0 -"
[22:27:19.569]  FBB→TNC  ch=0  STATS  "L"
[22:27:19.597]  TNC→FBB  ch=0  PARAM  "0 0 0 0 0 0 -"
[22:27:19.600]  FBB→TNC  ch=1  STATS  "L"
[22:27:19.630]  TNC→FBB  ch=1  PARAM  "0 0 0 0 0 1 NL1MVV"
[22:27:19.631]  FBB→TNC  ch=2  STATS  "L"
[22:27:19.656]  TNC→FBB  ch=2  PARAM  "0 0 0 0 0 0 -"
[22:27:19.659]  FBB→TNC  ch=3  STATS  "L"
[22:27:19.685]  TNC→FBB  ch=3  PARAM  "0 0 0 0 0 0 -"
[22:27:19.685]  FBB→TNC  ch=4  STATS  "L"
[22:27:19.711]  TNC→FBB  ch=4  PARAM  "0 0 0 0 0 0 -"
[22:27:19.711]  FBB→TNC  ch=0  STATS  "L"
[22:27:19.736]  TNC→FBB  ch=0  PARAM  "0 0 0 0 0 0 -"
[22:27:19.738]  FBB→TNC  ch=1  STATS  "L"
[22:27:19.768]  TNC→FBB  ch=1  PARAM  "0 0 0 0 0 1 NL1MVV"
[22:27:19.769]  FBB→TNC  ch=2  STATS  "L"
[22:27:19.794]  TNC→FBB  ch=2  PARAM  "0 0 0 0 0 0 -"
[22:27:19.801]  FBB→TNC  ch=3  STATS  "L"
[22:27:19.826]  TNC→FBB  ch=3  PARAM  "0 0 0 0 0 0 -"
[22:27:19.826]  FBB→TNC  ch=4  STATS  "L"
[22:27:19.851]  TNC→FBB  ch=4  PARAM  "0 0 0 0 0 0 -"
[22:27:19.852]  FBB→TNC  ch=0  STATS  "L"
[22:27:19.877]  TNC→FBB  ch=0  PARAM  "0 0 0 0 0 0 -"
[22:27:19.878]  FBB→TNC  ch=1  STATS  "L"
[22:27:19.908]  TNC→FBB  ch=1  PARAM  "0 0 0 0 0 1 NL1MVV"
[22:27:19.909]  FBB→TNC  ch=2  STATS  "L"
[22:27:19.934]  TNC→FBB  ch=2  PARAM  "0 0 0 0 0 0 -"
[22:27:19.934]  FBB→TNC  ch=3  STATS  "L"
[22:27:19.960]  TNC→FBB  ch=3  PARAM  "0 0 0 0 0 0 -"
[22:27:19.965]  FBB→TNC  ch=4  STATS  "L"
[22:27:19.991]  TNC→FBB  ch=4  PARAM  "0 0 0 0 0 0 -"
[22:27:19.991]  FBB→TNC  ch=0  STATS  "L"
[22:27:20.016]  TNC→FBB  ch=0  PARAM  "0 0 0 0 0 0 -"
[22:27:20.017]  FBB→TNC  ch=1  STATS  "L"
[22:27:20.047]  TNC→FBB  ch=1  PARAM  "0 0 0 0 0 1 NL1MVV"
[22:27:20.048]  FBB→TNC  ch=1  FREEBUF  "@B"
[22:27:20.064]  TNC→FBB  ch=1  PARAM  "840"
[22:27:20.064]  FBB→TNC  ch=2  STATS  "L"
[22:27:20.090]  TNC→FBB  ch=2  PARAM  "0 0 0 0 0 0 -"
[22:27:20.090]  FBB→TNC  ch=3  STATS  "L"
[22:27:20.116]  TNC→FBB  ch=3  PARAM  "0 0 0 0 0 0 -"
[22:27:20.118]  FBB→TNC  ch=4  STATS  "L"
[22:27:20.143]  TNC→FBB  ch=4  PARAM  "0 0 0 0 0 0 -"
[22:27:20.144]  FBB→TNC  ch=0  STATS  "L"
[22:27:20.169]  TNC→FBB  ch=0  PARAM  "0 0 0 0 0 0 -"
[22:27:20.170]  FBB→TNC  ch=1  STATS  "L"
[22:27:20.201]  TNC→FBB  ch=1  PARAM  "0 0 0 0 0 1 NL1MVV"
[22:27:20.201]  FBB→TNC  ch=2  STATS  "L"
[22:27:20.227]  TNC→FBB  ch=2  PARAM  "0 0 0 0 0 0 -"
[22:27:20.227]  FBB→TNC  ch=3  STATS  "L"
[22:27:20.253]  TNC→FBB  ch=3  PARAM  "0 0 0 0 0 0 -"
[22:27:20.253]  FBB→TNC  ch=4  STATS  "L"
[22:27:20.278]  TNC→FBB  ch=4  PARAM  "0 0 0 0 0 0 -"
[22:27:20.279]  FBB→TNC  ch=0  STATS  "L"
[22:27:20.305]  TNC→FBB  ch=0  PARAM  "0 0 0 0 0 0 -"
[22:27:20.305]  FBB→TNC  ch=1  STATS  "L"
[22:27:20.336]  TNC→FBB  ch=1  PARAM  "0 0 0 0 0 1 NL1MVV"
[22:27:20.337]  FBB→TNC  ch=2  STATS  "L"
[22:27:20.363]  TNC→FBB  ch=2  PARAM  "0 0 0 0 0 0 -"
[22:27:20.364]  FBB→TNC  ch=3  STATS  "L"
[22:27:20.389]  TNC→FBB  ch=3  PARAM  "0 0 0 0 0 0 -"
[22:27:20.391]  FBB→TNC  ch=4  STATS  "L"
[22:27:20.416]  TNC→FBB  ch=4  PARAM  "0 0 0 0 0 0 -"
[22:27:20.416]  FBB→TNC  ch=0  STATS  "L"
[22:27:20.441]  TNC→FBB  ch=0  PARAM  "0 0 0 0 0 0 -"
[22:27:20.442]  FBB→TNC  ch=1  STATS  "L"
[22:27:20.473]  TNC→FBB  ch=1  PARAM  "0 0 0 0 0 1 NL1MVV"
[22:27:20.473]  FBB→TNC  ch=2  STATS  "L"
[22:27:20.499]  TNC→FBB  ch=2  PARAM  "0 0 0 0 0 0 -"
[22:27:20.501]  FBB→TNC  ch=3  STATS  "L"
[22:27:20.540]  TNC→FBB  ch=3  PARAM  "0 0 0 0 0 0 -"
[22:27:20.544]  FBB→TNC  ch=4  STATS  "L"
[22:27:20.568]  TNC→FBB  ch=4  PARAM  "0 0 0 0 0 0 -"
[22:27:20.568]  FBB→TNC  ch=0  STATS  "L"
[22:27:20.594]  TNC→FBB  ch=0  PARAM  "0 0 0 0 0 0 -"
[22:27:20.595]  FBB→TNC  ch=1  STATS  "L"
[22:27:20.625]  TNC→FBB  ch=1  PARAM  "0 0 0 0 0 1 NL1MVV"
[22:27:20.626]  FBB→TNC  ch=2  STATS  "L"
[22:27:20.651]  TNC→FBB  ch=2  PARAM  "0 0 0 0 0 0 -"
[22:27:20.652]  FBB→TNC  ch=3  STATS  "L"
[22:27:20.676]  TNC→FBB  ch=3  PARAM  "0 0 0 0 0 0 -"
[22:27:20.677]  FBB→TNC  ch=4  STATS  "L"
[22:27:20.702]  TNC→FBB  ch=4  PARAM  "0 0 0 0 0 0 -"
[22:27:20.703]  FBB→TNC  ch=0  STATS  "L"
[22:27:20.727]  TNC→FBB  ch=0  PARAM  "0 0 0 0 0 0 -"
[22:27:20.728]  FBB→TNC  ch=1  STATS  "L"
[22:27:20.759]  TNC→FBB  ch=1  PARAM  "0 0 0 0 0 1 NL1MVV"
[22:27:20.774]  FBB→TNC  ch=2  STATS  "L"
[22:27:20.800]  TNC→FBB  ch=2  PARAM  "0 0 0 0 0 0 -"
[22:27:20.806]  FBB→TNC  ch=3  STATS  "L"
[22:27:20.832]  TNC→FBB  ch=3  PARAM  "0 0 0 0 0 0 -"
[22:27:20.836]  FBB→TNC  ch=4  STATS  "L"
[22:27:20.862]  TNC→FBB  ch=4  PARAM  "0 0 0 0 0 0 -"
[22:27:20.867]  FBB→TNC  ch=0  STATS  "L"
[22:27:20.892]  TNC→FBB  ch=0  PARAM  "0 0 0 0 0 0 -"
[22:27:20.895]  FBB→TNC  ch=1  STATS  "L"
[22:27:20.925]  TNC→FBB  ch=1  PARAM  "0 0 0 0 0 1 NL1MVV"
[22:27:20.927]  FBB→TNC  ch=2  STATS  "L"
[22:27:20.952]  TNC→FBB  ch=2  PARAM  "0 0 0 0 0 0 -"
[22:27:20.952]  FBB→TNC  ch=3  STATS  "L"
[22:27:20.977]  TNC→FBB  ch=3  PARAM  "0 0 0 0 0 0 -"
[22:27:20.979]  FBB→TNC  ch=4  STATS  "L"
[22:27:21.005]  TNC→FBB  ch=4  PARAM  "0 0 0 0 0 0 -"
[22:27:21.005]  FBB→TNC  ch=0  STATS  "L"
[22:27:21.031]  TNC→FBB  ch=0  PARAM  "0 0 0 0 0 0 -"
[22:27:21.032]  FBB→TNC  ch=1  STATS  "L"
[22:27:21.061]  TNC→FBB  ch=1  PARAM  "0 0 0 0 0 1 NL1MVV"
[22:27:21.061]  FBB→TNC  ch=2  STATS  "L"
[22:27:21.087]  TNC→FBB  ch=2  PARAM  "0 0 0 0 0 0 -"
[22:27:21.087]  FBB→TNC  ch=3  STATS  "L"
[22:27:21.112]  TNC→FBB  ch=3  PARAM  "0 0 0 0 0 0 -"
[22:27:21.113]  FBB→TNC  ch=4  STATS  "L"
[22:27:21.138]  TNC→FBB  ch=4  PARAM  "0 0 0 0 0 0 -"
[22:27:21.139]  FBB→TNC  ch=0  STATS  "L"
[22:27:21.165]  TNC→FBB  ch=0  PARAM  "0 0 0 0 0 0 -"
[22:27:21.166]  FBB→TNC  ch=1  STATS  "L"
[22:27:21.197]  TNC→FBB  ch=1  PARAM  "0 0 0 0 0 1 NL1MVV"
[22:27:21.197]  FBB→TNC  ch=2  STATS  "L"
[22:27:21.223]  TNC→FBB  ch=2  PARAM  "0 0 0 0 0 0 -"
[22:27:21.223]  FBB→TNC  ch=3  STATS  "L"
[22:27:21.249]  TNC→FBB  ch=3  PARAM  "0 0 0 0 0 0 -"
[22:27:21.252]  FBB→TNC  ch=4  STATS  "L"
[22:27:21.277]  TNC→FBB  ch=4  PARAM  "0 0 0 0 0 0 -"
[22:27:21.281]  FBB→TNC  ch=0  STATS  "L"
[22:27:21.306]  TNC→FBB  ch=0  PARAM  "0 0 0 0 0 0 -"
[22:27:21.307]  FBB→TNC  ch=1  STATS  "L"
[22:27:21.338]  TNC→FBB  ch=1  PARAM  "0 0 0 0 0 1 NL1MVV"
[22:27:21.342]  FBB→TNC  ch=2  STATS  "L"
[22:27:21.366]  TNC→FBB  ch=2  PARAM  "0 0 0 0 0 0 -"
[22:27:21.371]  FBB→TNC  ch=3  STATS  "L"
[22:27:21.397]  TNC→FBB  ch=3  PARAM  "0 0 0 0 0 0 -"
[22:27:21.398]  FBB→TNC  ch=4  STATS  "L"
[22:27:21.424]  TNC→FBB  ch=4  PARAM  "0 0 0 0 0 0 -"
[22:27:21.424]  FBB→TNC  ch=0  STATS  "L"
[22:27:21.450]  TNC→FBB  ch=0  PARAM  "0 0 0 0 0 0 -"
[22:27:21.450]  FBB→TNC  ch=1  STATS  "L"
[22:27:21.480]  TNC→FBB  ch=1  PARAM  "0 0 0 0 0 1 NL1MVV"
[22:27:21.480]  FBB→TNC  ch=1  FREEBUF  "@B"
[22:27:21.530]  TNC→FBB  ch=1  PARAM  "840"
[22:27:21.530]  FBB→TNC  ch=2  STATS  "L"
[22:27:21.556]  TNC→FBB  ch=2  PARAM  "0 0 0 0 0 0 -"
[22:27:21.556]  FBB→TNC  ch=3  STATS  "L"
[22:27:21.581]  TNC→FBB  ch=3  PARAM  "0 0 0 0 0 0 -"
[22:27:21.582]  FBB→TNC  ch=4  STATS  "L"
[22:27:21.607]  TNC→FBB  ch=4  PARAM  "0 0 0 0 0 0 -"
[22:27:21.608]  FBB→TNC  ch=0  STATS  "L"
[22:27:21.633]  TNC→FBB  ch=0  PARAM  "0 0 0 0 0 0 -"
[22:27:21.634]  FBB→TNC  ch=1  STATS  "L"
[22:27:21.664]  TNC→FBB  ch=1  PARAM  "0 0 0 0 0 1 NL1MVV"
[22:27:21.665]  FBB→TNC  ch=2  STATS  "L"
[22:27:21.690]  TNC→FBB  ch=2  PARAM  "0 0 0 0 0 0 -"
[22:27:21.692]  FBB→TNC  ch=3  STATS  "L"
[22:27:21.718]  TNC→FBB  ch=3  PARAM  "0 0 0 0 0 0 -"
[22:27:21.721]  FBB→TNC  ch=4  STATS  "L"
[22:27:21.746]  TNC→FBB  ch=4  PARAM  "0 0 0 0 0 0 -"
[22:27:21.746]  FBB→TNC  ch=0  STATS  "L"
[22:27:21.772]  TNC→FBB  ch=0  PARAM  "0 0 0 0 0 0 -"
[22:27:21.773]  FBB→TNC  ch=1  STATS  "L"
[22:27:21.803]  TNC→FBB  ch=1  PARAM  "0 0 0 0 0 1 NL1MVV"
[22:27:21.804]  FBB→TNC  ch=2  STATS  "L"
[22:27:21.829]  TNC→FBB  ch=2  PARAM  "0 0 0 0 0 0 -"
[22:27:21.829]  FBB→TNC  ch=3  STATS  "L"
[22:27:21.855]  TNC→FBB  ch=3  PARAM  "0 0 0 0 0 0 -"
[22:27:21.857]  FBB→TNC  ch=4  STATS  "L"
[22:27:21.883]  TNC→FBB  ch=4  PARAM  "0 0 0 0 0 0 -"
[22:27:21.883]  FBB→TNC  ch=0  STATS  "L"
[22:27:21.909]  TNC→FBB  ch=0  PARAM  "0 0 0 0 0 0 -"
[22:27:21.911]  FBB→TNC  ch=1  STATS  "L"
[22:27:21.941]  TNC→FBB  ch=1  PARAM  "0 0 0 0 0 1 NL1MVV"
[22:27:21.942]  FBB→TNC  ch=2  STATS  "L"
[22:27:21.967]  TNC→FBB  ch=2  PARAM  "0 0 0 0 0 0 -"
[22:27:21.968]  FBB→TNC  ch=3  STATS  "L"
[22:27:21.993]  TNC→FBB  ch=3  PARAM  "0 0 0 0 0 0 -"
[22:27:21.996]  FBB→TNC  ch=4  STATS  "L"
[22:27:22.021]  TNC→FBB  ch=4  PARAM  "0 0 0 0 0 0 -"
[22:27:22.023]  FBB→TNC  ch=0  STATS  "L"
[22:27:22.047]  TNC→FBB  ch=0  PARAM  "0 0 0 0 0 0 -"
[22:27:22.048]  FBB→TNC  ch=1  STATS  "L"
[22:27:22.078]  TNC→FBB  ch=1  PARAM  "0 0 0 0 0 1 NL1MVV"
[22:27:22.079]  FBB→TNC  ch=2  STATS  "L"
[22:27:22.105]  TNC→FBB  ch=2  PARAM  "0 0 0 0 0 0 -"
[22:27:22.105]  FBB→TNC  ch=3  STATS  "L"
[22:27:22.130]  TNC→FBB  ch=3  PARAM  "0 0 0 0 0 0 -"
[22:27:22.135]  FBB→TNC  ch=4  STATS  "L"
[22:27:22.160]  TNC→FBB  ch=4  PARAM  "0 0 0 0 0 0 -"
[22:27:22.160]  FBB→TNC  ch=0  STATS  "L"
[22:27:22.186]  TNC→FBB  ch=0  PARAM  "0 0 0 0 0 0 -"
[22:27:22.187]  FBB→TNC  ch=1  STATS  "L"
[22:27:22.217]  TNC→FBB  ch=1  PARAM  "0 0 0 0 0 1 NL1MVV"
[22:27:22.218]  FBB→TNC  ch=2  STATS  "L"
[22:27:22.243]  TNC→FBB  ch=2  PARAM  "0 0 0 0 0 0 -"
[22:27:22.244]  FBB→TNC  ch=3  STATS  "L"
[22:27:22.268]  TNC→FBB  ch=3  PARAM  "0 0 0 0 0 0 -"
[22:27:22.269]  FBB→TNC  ch=4  STATS  "L"
[22:27:22.296]  TNC→FBB  ch=4  PARAM  "0 0 0 0 0 0 -"
[22:27:22.296]  FBB→TNC  ch=0  STATS  "L"
[22:27:22.321]  TNC→FBB  ch=0  PARAM  "0 0 0 0 0 0 -"
[22:27:22.322]  FBB→TNC  ch=1  STATS  "L"
[22:27:22.352]  TNC→FBB  ch=1  PARAM  "0 0 0 0 0 1 NL1MVV"
[22:27:22.353]  FBB→TNC  ch=2  STATS  "L"
[22:27:22.377]  TNC→FBB  ch=2  PARAM  "0 0 0 0 0 0 -"
[22:27:22.378]  FBB→TNC  ch=3  STATS  "L"
[22:27:22.402]  TNC→FBB  ch=3  PARAM  "0 0 0 0 0 0 -"
[22:27:22.403]  FBB→TNC  ch=4  STATS  "L"
[22:27:22.428]  TNC→FBB  ch=4  PARAM  "0 0 0 0 0 0 -"
[22:27:22.430]  FBB→TNC  ch=0  STATS  "L"
[22:27:22.456]  TNC→FBB  ch=0  PARAM  "0 0 0 0 0 0 -"
[22:27:22.456]  FBB→TNC  ch=1  STATS  "L"
[22:27:22.487]  TNC→FBB  ch=1  PARAM  "0 0 0 0 0 1 NL1MVV"
[22:27:22.488]  FBB→TNC  ch=2  STATS  "L"
[22:27:22.541]  TNC→FBB  ch=2  PARAM  "0 0 0 0 0 0 -"
[22:27:22.542]  FBB→TNC  ch=3  STATS  "L"
[22:27:22.566]  TNC→FBB  ch=3  PARAM  "0 0 0 0 0 0 -"
[22:27:22.567]  FBB→TNC  ch=4  STATS  "L"
[22:27:22.592]  TNC→FBB  ch=4  PARAM  "0 0 0 0 0 0 -"
[22:27:22.595]  FBB→TNC  ch=0  STATS  "L"
[22:27:22.619]  TNC→FBB  ch=0  PARAM  "0 0 0 0 0 0 -"
[22:27:22.623]  FBB→TNC  ch=1  STATS  "L"
[22:27:22.655]  TNC→FBB  ch=1  PARAM  "0 0 0 0 0 1 NL1MVV"
[22:27:22.656]  FBB→TNC  ch=2  STATS  "L"
[22:27:22.681]  TNC→FBB  ch=2  PARAM  "0 0 0 0 0 0 -"
[22:27:22.683]  FBB→TNC  ch=3  STATS  "L"
[22:27:22.708]  TNC→FBB  ch=3  PARAM  "0 0 0 0 0 0 -"
[22:27:22.710]  FBB→TNC  ch=4  STATS  "L"
[22:27:22.736]  TNC→FBB  ch=4  PARAM  "0 0 0 0 0 0 -"
[22:27:22.736]  FBB→TNC  ch=0  STATS  "L"
[22:27:22.762]  TNC→FBB  ch=0  PARAM  "0 0 0 0 0 0 -"
[22:27:22.763]  FBB→TNC  ch=1  STATS  "L"
[22:27:22.793]  TNC→FBB  ch=1  PARAM  "0 0 0 0 0 1 NL1MVV"
[22:27:22.794]  FBB→TNC  ch=2  STATS  "L"
[22:27:22.820]  TNC→FBB  ch=2  PARAM  "0 0 0 0 0 0 -"
[22:27:22.821]  FBB→TNC  ch=3  STATS  "L"
[22:27:22.847]  TNC→FBB  ch=3  PARAM  "0 0 0 0 0 0 -"
[22:27:22.852]  FBB→TNC  ch=4  STATS  "L"
[22:27:22.878]  TNC→FBB  ch=4  PARAM  "0 0 0 0 0 0 -"
[22:27:22.879]  FBB→TNC  ch=0  STATS  "L"
[22:27:22.904]  TNC→FBB  ch=0  PARAM  "0 0 0 0 0 0 -"
[22:27:22.904]  FBB→TNC  ch=1  STATS  "L"
[22:27:22.934]  TNC→FBB  ch=1  PARAM  "0 0 0 0 0 1 NL1MVV"
[22:27:22.935]  FBB→TNC  ch=1  FREEBUF  "@B"
[22:27:22.950]  TNC→FBB  ch=1  PARAM  "840"
[22:27:22.950]  FBB→TNC  ch=2  STATS  "L"
[22:27:22.976]  TNC→FBB  ch=2  PARAM  "0 0 0 0 0 0 -"
[22:27:22.976]  FBB→TNC  ch=3  STATS  "L"
[22:27:23.001]  TNC→FBB  ch=3  PARAM  "0 0 0 0 0 0 -"
[22:27:23.003]  FBB→TNC  ch=4  STATS  "L"
[22:27:23.028]  TNC→FBB  ch=4  PARAM  "0 0 0 0 0 0 -"
[22:27:23.029]  FBB→TNC  ch=0  STATS  "L"
[22:27:23.054]  TNC→FBB  ch=0  PARAM  "0 0 0 0 0 0 -"
[22:27:23.055]  FBB→TNC  ch=1  STATS  "L"
[22:27:23.087]  TNC→FBB  ch=1  PARAM  "0 0 0 0 0 1 NL1MVV"
[22:27:23.087]  FBB→TNC  ch=2  STATS  "L"
[22:27:23.112]  TNC→FBB  ch=2  PARAM  "0 0 0 0 0 0 -"
[22:27:23.113]  FBB→TNC  ch=3  STATS  "L"
[22:27:23.138]  TNC→FBB  ch=3  PARAM  "0 0 0 0 0 0 -"
[22:27:23.140]  FBB→TNC  ch=4  STATS  "L"
[22:27:23.165]  TNC→FBB  ch=4  PARAM  "0 0 0 0 0 0 -"
[22:27:23.165]  FBB→TNC  ch=0  STATS  "L"
[22:27:23.191]  TNC→FBB  ch=0  PARAM  "0 0 0 0 0 0 -"
[22:27:23.191]  FBB→TNC  ch=1  STATS  "L"
[22:27:23.222]  TNC→FBB  ch=1  PARAM  "0 0 0 0 0 1 NL1MVV"
[22:27:23.222]  FBB→TNC  ch=2  STATS  "L"
[22:27:23.247]  TNC→FBB  ch=2  PARAM  "0 0 0 0 0 0 -"
[22:27:23.248]  FBB→TNC  ch=3  STATS  "L"
[22:27:23.274]  TNC→FBB  ch=3  PARAM  "0 0 0 0 0 0 -"
[22:27:23.276]  FBB→TNC  ch=4  STATS  "L"
[22:27:23.301]  TNC→FBB  ch=4  PARAM  "0 0 0 0 0 0 -"
[22:27:23.301]  FBB→TNC  ch=0  STATS  "L"
[22:27:23.326]  TNC→FBB  ch=0  PARAM  "0 0 0 0 0 0 -"
[22:27:23.327]  FBB→TNC  ch=1  STATS  "L"
[22:27:23.357]  TNC→FBB  ch=1  PARAM  "0 0 0 0 0 1 NL1MVV"
[22:27:23.358]  FBB→TNC  ch=2  STATS  "L"
[22:27:23.388]  TNC→FBB  ch=2  PARAM  "0 0 0 0 0 0 -"
[22:27:23.391]  FBB→TNC  ch=3  STATS  "L"
[22:27:23.416]  TNC→FBB  ch=3  PARAM  "0 0 0 0 0 0 -"
[22:27:23.417]  FBB→TNC  ch=4  STATS  "L"
[22:27:23.442]  TNC→FBB  ch=4  PARAM  "0 0 0 0 0 0 -"
[22:27:23.443]  FBB→TNC  ch=0  STATS  "L"
[22:27:23.469]  TNC→FBB  ch=0  PARAM  "0 0 0 0 0 0 -"
[22:27:23.470]  FBB→TNC  ch=1  STATS  "L"
[22:27:23.500]  TNC→FBB  ch=1  PARAM  "0 0 0 0 0 1 NL1MVV"
[22:27:23.500]  FBB→TNC  ch=2  STATS  "L"
[22:27:23.541]  TNC→FBB  ch=2  PARAM  "0 0 0 0 0 0 -"
[22:27:23.541]  FBB→TNC  ch=3  STATS  "L"
[22:27:23.566]  TNC→FBB  ch=3  PARAM  "0 0 0 0 0 0 -"
[22:27:23.568]  FBB→TNC  ch=4  STATS  "L"
[22:27:23.592]  TNC→FBB  ch=4  PARAM  "0 0 0 0 0 0 -"
[22:27:23.594]  FBB→TNC  ch=0  STATS  "L"
[22:27:23.620]  TNC→FBB  ch=0  PARAM  "0 0 0 0 0 0 -"
[22:27:23.620]  FBB→TNC  ch=1  STATS  "L"
[22:27:23.651]  TNC→FBB  ch=1  PARAM  "0 0 0 0 0 1 NL1MVV"
[22:27:23.652]  FBB→TNC  ch=2  STATS  "L"
[22:27:23.677]  TNC→FBB  ch=2  PARAM  "0 0 0 0 0 0 -"
[22:27:23.679]  FBB→TNC  ch=3  STATS  "L"
[22:27:23.704]  TNC→FBB  ch=3  PARAM  "0 0 0 0 0 0 -"
[22:27:23.708]  FBB→TNC  ch=4  STATS  "L"

Stopped.
